_DATE	status_200_count	status_500_count	status_0_count	status_other_count	hostname	
Sat Apr 22 17:46:09 CEST 2017	4195.0	49.0	0.0	0.0	locust-worker-5nsxh	
Sat Apr 22 17:46:05 CEST 2017	4206.0	37.0	0.0	0.0	locust-worker-xtvhw	
Sat Apr 22 17:46:05 CEST 2017	4205.0	37.0	0.0	0.0	locust-worker-xtvhw	
Sat Apr 22 17:45:09 CEST 2017	3575.0	18.0	0.0	0.0	locust-worker-5nsxh	
Sat Apr 22 17:45:05 CEST 2017	3588.0	15.0	0.0	0.0	locust-worker-xtvhw	
Sat Apr 22 17:44:09 CEST 2017	2997.0	15.0	0.0	0.0	locust-worker-5nsxh	
Sat Apr 22 17:44:04 CEST 2017	3004.0	11.0	0.0	0.0	locust-worker-xtvhw	
Sat Apr 22 17:43:09 CEST 2017	2411.0	14.0	0.0	0.0	locust-worker-5nsxh	
Sat Apr 22 17:43:04 CEST 2017	2417.0	10.0	0.0	0.0	locust-worker-xtvhw	
Sat Apr 22 17:43:04 CEST 2017	2416.0	10.0	0.0	0.0	locust-worker-xtvhw	
Sat Apr 22 17:42:09 CEST 2017	1953.0	3.0	0.0	0.0	locust-worker-5nsxh	
Sat Apr 22 17:42:04 CEST 2017	1987.0	1.0	0.0	0.0	locust-worker-xtvhw	
Sat Apr 22 17:41:09 CEST 2017	1563.0	3.0	0.0	0.0	locust-worker-5nsxh	
Sat Apr 22 17:41:04 CEST 2017	1588.0	1.0	0.0	0.0	locust-worker-xtvhw	
Sat Apr 22 17:40:09 CEST 2017	1169.0	3.0	0.0	0.0	locust-worker-5nsxh	
Sat Apr 22 17:40:04 CEST 2017	1191.0	1.0	0.0	0.0	locust-worker-xtvhw	
Sat Apr 22 17:39:08 CEST 2017	896.0	1.0	0.0	0.0	locust-worker-5nsxh	
Sat Apr 22 17:39:04 CEST 2017	933.0	1.0	0.0	0.0	locust-worker-xtvhw	
Sat Apr 22 17:38:08 CEST 2017	704.0	1.0	0.0	0.0	locust-worker-5nsxh	
Sat Apr 22 17:38:04 CEST 2017	740.0	1.0	0.0	0.0	locust-worker-xtvhw	
Sat Apr 22 17:38:04 CEST 2017	739.0	1.0	0.0	0.0	locust-worker-xtvhw	
Sat Apr 22 17:37:08 CEST 2017	507.0	1.0	0.0	0.0	locust-worker-5nsxh	
Sat Apr 22 17:37:08 CEST 2017	506.0	1.0	0.0	0.0	locust-worker-5nsxh	
Sat Apr 22 17:37:03 CEST 2017	535.0	1.0	0.0	0.0	locust-worker-xtvhw	
Sat Apr 22 17:36:07 CEST 2017	380.0	0.0	0.0	0.0	locust-worker-5nsxh	
Sat Apr 22 17:36:03 CEST 2017	423.0	0.0	0.0	0.0	locust-worker-xtvhw	
Sat Apr 22 17:35:07 CEST 2017	300.0	0.0	0.0	0.0	locust-worker-5nsxh	
Sat Apr 22 17:35:02 CEST 2017	346.0	0.0	0.0	0.0	locust-worker-xtvhw	
Sat Apr 22 17:34:06 CEST 2017	217.0	0.0	0.0	0.0	locust-worker-5nsxh	
Sat Apr 22 17:34:01 CEST 2017	266.0	0.0	0.0	0.0	locust-worker-xtvhw	
Sat Apr 22 17:33:06 CEST 2017	162.0	0.0	0.0	0.0	locust-worker-5nsxh	
Sat Apr 22 17:33:01 CEST 2017	214.0	0.0	0.0	0.0	locust-worker-xtvhw	
Sat Apr 22 17:32:02 CEST 2017	122.0	0.0	0.0	0.0	locust-worker-5nsxh	
Sat Apr 22 17:31:59 CEST 2017	172.0	0.0	0.0	0.0	locust-worker-xtvhw	
Sat Apr 22 17:31:02 CEST 2017	85.0	0.0	0.0	0.0	locust-worker-5nsxh	
Sat Apr 22 17:30:57 CEST 2017	131.0	0.0	0.0	0.0	locust-worker-xtvhw	
Sat Apr 22 17:30:01 CEST 2017	61.0	0.0	0.0	0.0	locust-worker-5nsxh	
Sat Apr 22 17:29:56 CEST 2017	102.0	0.0	0.0	0.0	locust-worker-xtvhw	
Sat Apr 22 17:29:00 CEST 2017	44.0	0.0	0.0	0.0	locust-worker-5nsxh	
Sat Apr 22 17:28:55 CEST 2017	77.0	0.0	0.0	0.0	locust-worker-xtvhw	
Sat Apr 22 17:27:55 CEST 2017	54.0	0.0	0.0	0.0	locust-worker-xtvhw	
Sat Apr 22 17:27:54 CEST 2017	27.0	0.0	0.0	0.0	locust-worker-5nsxh	
Sat Apr 22 17:26:54 CEST 2017	36.0	0.0	0.0	0.0	locust-worker-xtvhw	
Sat Apr 22 17:26:53 CEST 2017	18.0	0.0	0.0	0.0	locust-worker-5nsxh	
Sat Apr 22 17:25:53 CEST 2017	11.0	0.0	0.0	0.0	locust-worker-5nsxh	
Sat Apr 22 17:25:50 CEST 2017	19.0	0.0	0.0	0.0	locust-worker-xtvhw	
