Series;Time;Value
middletier-pk9t1;2017-07-25T19:11:00+02:00;1
middletier-pk9t1;2017-07-25T19:12:00+02:00;1
middletier-pk9t1;2017-07-25T19:13:00+02:00;1
middletier-pk9t1;2017-07-25T19:14:00+02:00;1
middletier-pk9t1;2017-07-25T19:15:00+02:00;1
middletier-pk9t1;2017-07-25T19:16:00+02:00;69
middletier-pk9t1;2017-07-25T19:17:00+02:00;1
middletier-pk9t1;2017-07-25T19:18:00+02:00;1
middletier-pk9t1;2017-07-25T19:19:00+02:00;245
middletier-pk9t1;2017-07-25T19:20:00+02:00;574
middletier-pk9t1;2017-07-25T19:21:00+02:00;633
middletier-pk9t1;2017-07-25T19:22:00+02:00;634
middletier-pk9t1;2017-07-25T19:23:00+02:00;619
middletier-pk9t1;2017-07-25T19:24:00+02:00;623
middletier-pk9t1;2017-07-25T19:25:00+02:00;633
middletier-pk9t1;2017-07-25T19:26:00+02:00;631
middletier-pk9t1;2017-07-25T19:27:00+02:00;624
middletier-pk9t1;2017-07-25T19:28:00+02:00;639
middletier-pk9t1;2017-07-25T19:29:00+02:00;657
middletier-pk9t1;2017-07-25T19:30:00+02:00;657
middletier-pk9t1;2017-07-25T19:31:00+02:00;630
middletier-pk9t1;2017-07-25T19:32:00+02:00;458
middletier-pk9t1;2017-07-25T19:33:00+02:00;349
middletier-pk9t1;2017-07-25T19:34:00+02:00;351
middletier-pk9t1;2017-07-25T19:35:00+02:00;352
middletier-pk9t1;2017-07-25T19:36:00+02:00;355
middletier-pk9t1;2017-07-25T19:37:00+02:00;340
middletier-pk9t1;2017-07-25T19:38:00+02:00;340
middletier-pk9t1;2017-07-25T19:39:00+02:00;334
middletier-pk9t1;2017-07-25T19:40:00+02:00;358
middletier-pk9t1;2017-07-25T19:41:00+02:00;341
middletier-pk9t1;2017-07-25T19:42:00+02:00;361
middletier-pk9t1;2017-07-25T19:43:00+02:00;347
middletier-pk9t1;2017-07-25T19:44:00+02:00;351
middletier-pk9t1;2017-07-25T19:45:00+02:00;355
middletier-pk9t1;2017-07-25T19:46:00+02:00;341
middletier-pk9t1;2017-07-25T19:47:00+02:00;338
middletier-pk9t1;2017-07-25T19:48:00+02:00;352
middletier-ppdbq;2017-07-25T19:11:00+02:00;1
middletier-ppdbq;2017-07-25T19:12:00+02:00;2
middletier-ppdbq;2017-07-25T19:13:00+02:00;1
middletier-ppdbq;2017-07-25T19:14:00+02:00;1
middletier-ppdbq;2017-07-25T19:15:00+02:00;2
middletier-ppdbq;2017-07-25T19:16:00+02:00;75
middletier-ppdbq;2017-07-25T19:17:00+02:00;1
middletier-ppdbq;2017-07-25T19:18:00+02:00;1
middletier-ppdbq;2017-07-25T19:19:00+02:00;309
middletier-ppdbq;2017-07-25T19:20:00+02:00;698
middletier-ppdbq;2017-07-25T19:21:00+02:00;716
middletier-ppdbq;2017-07-25T19:22:00+02:00;729
middletier-ppdbq;2017-07-25T19:23:00+02:00;727
middletier-ppdbq;2017-07-25T19:24:00+02:00;723
middletier-ppdbq;2017-07-25T19:25:00+02:00;727
middletier-ppdbq;2017-07-25T19:26:00+02:00;730
middletier-ppdbq;2017-07-25T19:27:00+02:00;729
middletier-ppdbq;2017-07-25T19:28:00+02:00;727
middletier-ppdbq;2017-07-25T19:29:00+02:00;711
middletier-ppdbq;2017-07-25T19:30:00+02:00;712
middletier-ppdbq;2017-07-25T19:31:00+02:00;709
middletier-ppdbq;2017-07-25T19:32:00+02:00;466
middletier-ppdbq;2017-07-25T19:33:00+02:00;395
middletier-ppdbq;2017-07-25T19:34:00+02:00;393
middletier-ppdbq;2017-07-25T19:35:00+02:00;387
middletier-ppdbq;2017-07-25T19:36:00+02:00;384
middletier-ppdbq;2017-07-25T19:37:00+02:00;391
middletier-ppdbq;2017-07-25T19:38:00+02:00;386
middletier-ppdbq;2017-07-25T19:39:00+02:00;390
middletier-ppdbq;2017-07-25T19:40:00+02:00;391
middletier-ppdbq;2017-07-25T19:41:00+02:00;387
middletier-ppdbq;2017-07-25T19:42:00+02:00;399
middletier-ppdbq;2017-07-25T19:43:00+02:00;389
middletier-ppdbq;2017-07-25T19:44:00+02:00;391
middletier-ppdbq;2017-07-25T19:45:00+02:00;391
middletier-ppdbq;2017-07-25T19:46:00+02:00;398
middletier-ppdbq;2017-07-25T19:47:00+02:00;394
middletier-ppdbq;2017-07-25T19:48:00+02:00;402
Limit;2017-07-25T19:11:00+02:00;1000
Limit;2017-07-25T19:12:00+02:00;1000
Limit;2017-07-25T19:13:00+02:00;1000
Limit;2017-07-25T19:14:00+02:00;1000
Limit;2017-07-25T19:15:00+02:00;1000
Limit;2017-07-25T19:16:00+02:00;1000
Limit;2017-07-25T19:17:00+02:00;1000
Limit;2017-07-25T19:18:00+02:00;1000
Limit;2017-07-25T19:19:00+02:00;1000
Limit;2017-07-25T19:20:00+02:00;1000
Limit;2017-07-25T19:21:00+02:00;1000
Limit;2017-07-25T19:22:00+02:00;1000
Limit;2017-07-25T19:23:00+02:00;1000
Limit;2017-07-25T19:24:00+02:00;1000
Limit;2017-07-25T19:25:00+02:00;1000
Limit;2017-07-25T19:26:00+02:00;1000
Limit;2017-07-25T19:27:00+02:00;1000
Limit;2017-07-25T19:28:00+02:00;1000
Limit;2017-07-25T19:29:00+02:00;1000
Limit;2017-07-25T19:30:00+02:00;1000
Limit;2017-07-25T19:31:00+02:00;1000
Limit;2017-07-25T19:32:00+02:00;1000
Limit;2017-07-25T19:33:00+02:00;1000
Limit;2017-07-25T19:34:00+02:00;1000
Limit;2017-07-25T19:35:00+02:00;1000
Limit;2017-07-25T19:36:00+02:00;1000
Limit;2017-07-25T19:37:00+02:00;1000
Limit;2017-07-25T19:38:00+02:00;1000
Limit;2017-07-25T19:39:00+02:00;1000
Limit;2017-07-25T19:40:00+02:00;1000
Limit;2017-07-25T19:41:00+02:00;1000
Limit;2017-07-25T19:42:00+02:00;1000
Limit;2017-07-25T19:43:00+02:00;1000
Limit;2017-07-25T19:44:00+02:00;1000
Limit;2017-07-25T19:45:00+02:00;1000
Limit;2017-07-25T19:46:00+02:00;1000
Limit;2017-07-25T19:47:00+02:00;1000
Limit;2017-07-25T19:48:00+02:00;1000
Limit;2017-07-25T19:11:00+02:00;1000
Limit;2017-07-25T19:12:00+02:00;1000
Limit;2017-07-25T19:13:00+02:00;1000
Limit;2017-07-25T19:14:00+02:00;1000
Limit;2017-07-25T19:15:00+02:00;1000
Limit;2017-07-25T19:16:00+02:00;1000
Limit;2017-07-25T19:17:00+02:00;1000
Limit;2017-07-25T19:18:00+02:00;1000
Limit;2017-07-25T19:19:00+02:00;1000
Limit;2017-07-25T19:20:00+02:00;1000
Limit;2017-07-25T19:21:00+02:00;1000
Limit;2017-07-25T19:22:00+02:00;1000
Limit;2017-07-25T19:23:00+02:00;1000
Limit;2017-07-25T19:24:00+02:00;1000
Limit;2017-07-25T19:25:00+02:00;1000
Limit;2017-07-25T19:26:00+02:00;1000
Limit;2017-07-25T19:27:00+02:00;1000
Limit;2017-07-25T19:28:00+02:00;1000
Limit;2017-07-25T19:29:00+02:00;1000
Limit;2017-07-25T19:30:00+02:00;1000
Limit;2017-07-25T19:31:00+02:00;1000
Limit;2017-07-25T19:32:00+02:00;1000
Limit;2017-07-25T19:33:00+02:00;1000
Limit;2017-07-25T19:34:00+02:00;1000
Limit;2017-07-25T19:35:00+02:00;1000
Limit;2017-07-25T19:36:00+02:00;1000
Limit;2017-07-25T19:37:00+02:00;1000
Limit;2017-07-25T19:38:00+02:00;1000
Limit;2017-07-25T19:39:00+02:00;1000
Limit;2017-07-25T19:40:00+02:00;1000
Limit;2017-07-25T19:41:00+02:00;1000
Limit;2017-07-25T19:42:00+02:00;1000
Limit;2017-07-25T19:43:00+02:00;1000
Limit;2017-07-25T19:44:00+02:00;1000
Limit;2017-07-25T19:45:00+02:00;1000
Limit;2017-07-25T19:46:00+02:00;1000
Limit;2017-07-25T19:47:00+02:00;1000
Limit;2017-07-25T19:48:00+02:00;1000
cpu/node_utilization.distinct;2017-07-25T19:11:00+02:00;817.7499771118164
cpu/node_utilization.distinct;2017-07-25T19:12:00+02:00;830.5000066757202
cpu/node_utilization.distinct;2017-07-25T19:13:00+02:00;811.7499947547913
cpu/node_utilization.distinct;2017-07-25T19:14:00+02:00;833.9999914169312
cpu/node_utilization.distinct;2017-07-25T19:15:00+02:00;809.0000152587891
cpu/node_utilization.distinct;2017-07-25T19:16:00+02:00;852.5000214576721
cpu/node_utilization.distinct;2017-07-25T19:17:00+02:00;825.2500295639038
cpu/node_utilization.distinct;2017-07-25T19:18:00+02:00;820.7499980926514
cpu/node_utilization.distinct;2017-07-25T19:19:00+02:00;865.7500147819519
cpu/node_utilization.distinct;2017-07-25T19:20:00+02:00;876.9999742507935
cpu/node_utilization.distinct;2017-07-25T19:21:00+02:00;872.2500205039978
cpu/node_utilization.distinct;2017-07-25T19:22:00+02:00;873.2500076293945
cpu/node_utilization.distinct;2017-07-25T19:23:00+02:00;876.7499923706055
cpu/node_utilization.distinct;2017-07-25T19:24:00+02:00;874.750018119812
cpu/node_utilization.distinct;2017-07-25T19:25:00+02:00;875.249981880188
cpu/node_utilization.distinct;2017-07-25T19:26:00+02:00;873.7499713897705
cpu/node_utilization.distinct;2017-07-25T19:27:00+02:00;874.2499947547913
cpu/node_utilization.distinct;2017-07-25T19:28:00+02:00;873.2500076293945
cpu/node_utilization.distinct;2017-07-25T19:29:00+02:00;873.0000257492065
cpu/node_utilization.distinct;2017-07-25T19:30:00+02:00;875.249981880188
cpu/node_utilization.distinct;2017-07-25T19:31:00+02:00;875.7500052452087
cpu/node_utilization.distinct;2017-07-25T19:32:00+02:00;910.0000262260437
cpu/node_utilization.distinct;2017-07-25T19:33:00+02:00;920.7500219345093
cpu/node_utilization.distinct;2017-07-25T19:34:00+02:00;920.7500219345093
cpu/node_utilization.distinct;2017-07-25T19:35:00+02:00;921.999990940094
cpu/node_utilization.distinct;2017-07-25T19:36:00+02:00;921.750009059906
cpu/node_utilization.distinct;2017-07-25T19:37:00+02:00;921.0000038146973
cpu/node_utilization.distinct;2017-07-25T19:38:00+02:00;922.249972820282
cpu/node_utilization.distinct;2017-07-25T19:39:00+02:00;920.4999804496765
cpu/node_utilization.distinct;2017-07-25T19:40:00+02:00;922.5000143051147
cpu/node_utilization.distinct;2017-07-25T19:41:00+02:00;921.500027179718
cpu/node_utilization.distinct;2017-07-25T19:42:00+02:00;922.249972820282
cpu/node_utilization.distinct;2017-07-25T19:43:00+02:00;921.750009059906
cpu/node_utilization.distinct;2017-07-25T19:44:00+02:00;924.7499704360962
cpu/node_utilization.distinct;2017-07-25T19:45:00+02:00;920.7500219345093
cpu/node_utilization.distinct;2017-07-25T19:46:00+02:00;919.4999933242798
cpu/node_utilization.distinct;2017-07-25T19:47:00+02:00;922.249972820282
cpu/node_utilization.distinct;2017-07-25T19:48:00+02:00;922.249972820282
cpu/usage_rate.count;2017-07-25T19:10:14+02:00;null
cpu/usage_rate.count;2017-07-25T19:10:16+02:00;null
cpu/usage_rate.count;2017-07-25T19:10:18+02:00;null
cpu/usage_rate.count;2017-07-25T19:10:20+02:00;null
cpu/usage_rate.count;2017-07-25T19:10:22+02:00;null
cpu/usage_rate.count;2017-07-25T19:10:24+02:00;null
cpu/usage_rate.count;2017-07-25T19:10:26+02:00;null
cpu/usage_rate.count;2017-07-25T19:10:28+02:00;null
cpu/usage_rate.count;2017-07-25T19:10:30+02:00;null
cpu/usage_rate.count;2017-07-25T19:10:32+02:00;null
cpu/usage_rate.count;2017-07-25T19:10:34+02:00;null
cpu/usage_rate.count;2017-07-25T19:10:36+02:00;null
cpu/usage_rate.count;2017-07-25T19:10:38+02:00;null
cpu/usage_rate.count;2017-07-25T19:10:40+02:00;null
cpu/usage_rate.count;2017-07-25T19:10:42+02:00;null
cpu/usage_rate.count;2017-07-25T19:10:44+02:00;null
cpu/usage_rate.count;2017-07-25T19:10:46+02:00;null
cpu/usage_rate.count;2017-07-25T19:10:48+02:00;null
cpu/usage_rate.count;2017-07-25T19:10:50+02:00;null
cpu/usage_rate.count;2017-07-25T19:10:52+02:00;null
cpu/usage_rate.count;2017-07-25T19:10:54+02:00;null
cpu/usage_rate.count;2017-07-25T19:10:56+02:00;null
cpu/usage_rate.count;2017-07-25T19:10:58+02:00;null
cpu/usage_rate.count;2017-07-25T19:11:00+02:00;3
cpu/usage_rate.count;2017-07-25T19:11:02+02:00;3
cpu/usage_rate.count;2017-07-25T19:11:04+02:00;3
cpu/usage_rate.count;2017-07-25T19:11:06+02:00;3
cpu/usage_rate.count;2017-07-25T19:11:08+02:00;3
cpu/usage_rate.count;2017-07-25T19:11:10+02:00;3
cpu/usage_rate.count;2017-07-25T19:11:12+02:00;3
cpu/usage_rate.count;2017-07-25T19:11:14+02:00;3
cpu/usage_rate.count;2017-07-25T19:11:16+02:00;3
cpu/usage_rate.count;2017-07-25T19:11:18+02:00;3
cpu/usage_rate.count;2017-07-25T19:11:20+02:00;3
cpu/usage_rate.count;2017-07-25T19:11:22+02:00;3
cpu/usage_rate.count;2017-07-25T19:11:24+02:00;3
cpu/usage_rate.count;2017-07-25T19:11:26+02:00;3
cpu/usage_rate.count;2017-07-25T19:11:28+02:00;3
cpu/usage_rate.count;2017-07-25T19:11:30+02:00;3
cpu/usage_rate.count;2017-07-25T19:11:32+02:00;3
cpu/usage_rate.count;2017-07-25T19:11:34+02:00;3
cpu/usage_rate.count;2017-07-25T19:11:36+02:00;3
cpu/usage_rate.count;2017-07-25T19:11:38+02:00;3
cpu/usage_rate.count;2017-07-25T19:11:40+02:00;3
cpu/usage_rate.count;2017-07-25T19:11:42+02:00;3
cpu/usage_rate.count;2017-07-25T19:11:44+02:00;3
cpu/usage_rate.count;2017-07-25T19:11:46+02:00;3
cpu/usage_rate.count;2017-07-25T19:11:48+02:00;3
cpu/usage_rate.count;2017-07-25T19:11:50+02:00;3
cpu/usage_rate.count;2017-07-25T19:11:52+02:00;3
cpu/usage_rate.count;2017-07-25T19:11:54+02:00;3
cpu/usage_rate.count;2017-07-25T19:11:56+02:00;3
cpu/usage_rate.count;2017-07-25T19:11:58+02:00;3
cpu/usage_rate.count;2017-07-25T19:12:00+02:00;3
cpu/usage_rate.count;2017-07-25T19:12:02+02:00;3
cpu/usage_rate.count;2017-07-25T19:12:04+02:00;3
cpu/usage_rate.count;2017-07-25T19:12:06+02:00;3
cpu/usage_rate.count;2017-07-25T19:12:08+02:00;3
cpu/usage_rate.count;2017-07-25T19:12:10+02:00;3
cpu/usage_rate.count;2017-07-25T19:12:12+02:00;3
cpu/usage_rate.count;2017-07-25T19:12:14+02:00;3
cpu/usage_rate.count;2017-07-25T19:12:16+02:00;3
cpu/usage_rate.count;2017-07-25T19:12:18+02:00;3
cpu/usage_rate.count;2017-07-25T19:12:20+02:00;3
cpu/usage_rate.count;2017-07-25T19:12:22+02:00;3
cpu/usage_rate.count;2017-07-25T19:12:24+02:00;3
cpu/usage_rate.count;2017-07-25T19:12:26+02:00;3
cpu/usage_rate.count;2017-07-25T19:12:28+02:00;3
cpu/usage_rate.count;2017-07-25T19:12:30+02:00;3
cpu/usage_rate.count;2017-07-25T19:12:32+02:00;3
cpu/usage_rate.count;2017-07-25T19:12:34+02:00;3
cpu/usage_rate.count;2017-07-25T19:12:36+02:00;3
cpu/usage_rate.count;2017-07-25T19:12:38+02:00;3
cpu/usage_rate.count;2017-07-25T19:12:40+02:00;3
cpu/usage_rate.count;2017-07-25T19:12:42+02:00;3
cpu/usage_rate.count;2017-07-25T19:12:44+02:00;3
cpu/usage_rate.count;2017-07-25T19:12:46+02:00;3
cpu/usage_rate.count;2017-07-25T19:12:48+02:00;3
cpu/usage_rate.count;2017-07-25T19:12:50+02:00;3
cpu/usage_rate.count;2017-07-25T19:12:52+02:00;3
cpu/usage_rate.count;2017-07-25T19:12:54+02:00;3
cpu/usage_rate.count;2017-07-25T19:12:56+02:00;3
cpu/usage_rate.count;2017-07-25T19:12:58+02:00;3
cpu/usage_rate.count;2017-07-25T19:13:00+02:00;3
cpu/usage_rate.count;2017-07-25T19:13:02+02:00;3
cpu/usage_rate.count;2017-07-25T19:13:04+02:00;3
cpu/usage_rate.count;2017-07-25T19:13:06+02:00;3
cpu/usage_rate.count;2017-07-25T19:13:08+02:00;3
cpu/usage_rate.count;2017-07-25T19:13:10+02:00;3
cpu/usage_rate.count;2017-07-25T19:13:12+02:00;3
cpu/usage_rate.count;2017-07-25T19:13:14+02:00;3
cpu/usage_rate.count;2017-07-25T19:13:16+02:00;3
cpu/usage_rate.count;2017-07-25T19:13:18+02:00;3
cpu/usage_rate.count;2017-07-25T19:13:20+02:00;3
cpu/usage_rate.count;2017-07-25T19:13:22+02:00;3
cpu/usage_rate.count;2017-07-25T19:13:24+02:00;3
cpu/usage_rate.count;2017-07-25T19:13:26+02:00;3
cpu/usage_rate.count;2017-07-25T19:13:28+02:00;3
cpu/usage_rate.count;2017-07-25T19:13:30+02:00;3
cpu/usage_rate.count;2017-07-25T19:13:32+02:00;3
cpu/usage_rate.count;2017-07-25T19:13:34+02:00;3
cpu/usage_rate.count;2017-07-25T19:13:36+02:00;3
cpu/usage_rate.count;2017-07-25T19:13:38+02:00;3
cpu/usage_rate.count;2017-07-25T19:13:40+02:00;3
cpu/usage_rate.count;2017-07-25T19:13:42+02:00;3
cpu/usage_rate.count;2017-07-25T19:13:44+02:00;3
cpu/usage_rate.count;2017-07-25T19:13:46+02:00;3
cpu/usage_rate.count;2017-07-25T19:13:48+02:00;3
cpu/usage_rate.count;2017-07-25T19:13:50+02:00;3
cpu/usage_rate.count;2017-07-25T19:13:52+02:00;3
cpu/usage_rate.count;2017-07-25T19:13:54+02:00;3
cpu/usage_rate.count;2017-07-25T19:13:56+02:00;3
cpu/usage_rate.count;2017-07-25T19:13:58+02:00;3
cpu/usage_rate.count;2017-07-25T19:14:00+02:00;3
cpu/usage_rate.count;2017-07-25T19:14:02+02:00;3
cpu/usage_rate.count;2017-07-25T19:14:04+02:00;3
cpu/usage_rate.count;2017-07-25T19:14:06+02:00;3
cpu/usage_rate.count;2017-07-25T19:14:08+02:00;3
cpu/usage_rate.count;2017-07-25T19:14:10+02:00;3
cpu/usage_rate.count;2017-07-25T19:14:12+02:00;3
cpu/usage_rate.count;2017-07-25T19:14:14+02:00;3
cpu/usage_rate.count;2017-07-25T19:14:16+02:00;3
cpu/usage_rate.count;2017-07-25T19:14:18+02:00;3
cpu/usage_rate.count;2017-07-25T19:14:20+02:00;3
cpu/usage_rate.count;2017-07-25T19:14:22+02:00;3
cpu/usage_rate.count;2017-07-25T19:14:24+02:00;3
cpu/usage_rate.count;2017-07-25T19:14:26+02:00;3
cpu/usage_rate.count;2017-07-25T19:14:28+02:00;3
cpu/usage_rate.count;2017-07-25T19:14:30+02:00;3
cpu/usage_rate.count;2017-07-25T19:14:32+02:00;3
cpu/usage_rate.count;2017-07-25T19:14:34+02:00;3
cpu/usage_rate.count;2017-07-25T19:14:36+02:00;3
cpu/usage_rate.count;2017-07-25T19:14:38+02:00;3
cpu/usage_rate.count;2017-07-25T19:14:40+02:00;3
cpu/usage_rate.count;2017-07-25T19:14:42+02:00;3
cpu/usage_rate.count;2017-07-25T19:14:44+02:00;3
cpu/usage_rate.count;2017-07-25T19:14:46+02:00;3
cpu/usage_rate.count;2017-07-25T19:14:48+02:00;3
cpu/usage_rate.count;2017-07-25T19:14:50+02:00;3
cpu/usage_rate.count;2017-07-25T19:14:52+02:00;3
cpu/usage_rate.count;2017-07-25T19:14:54+02:00;3
cpu/usage_rate.count;2017-07-25T19:14:56+02:00;3
cpu/usage_rate.count;2017-07-25T19:14:58+02:00;3
cpu/usage_rate.count;2017-07-25T19:15:00+02:00;3
cpu/usage_rate.count;2017-07-25T19:15:02+02:00;3
cpu/usage_rate.count;2017-07-25T19:15:04+02:00;3
cpu/usage_rate.count;2017-07-25T19:15:06+02:00;3
cpu/usage_rate.count;2017-07-25T19:15:08+02:00;3
cpu/usage_rate.count;2017-07-25T19:15:10+02:00;3
cpu/usage_rate.count;2017-07-25T19:15:12+02:00;3
cpu/usage_rate.count;2017-07-25T19:15:14+02:00;3
cpu/usage_rate.count;2017-07-25T19:15:16+02:00;3
cpu/usage_rate.count;2017-07-25T19:15:18+02:00;3
cpu/usage_rate.count;2017-07-25T19:15:20+02:00;3
cpu/usage_rate.count;2017-07-25T19:15:22+02:00;3
cpu/usage_rate.count;2017-07-25T19:15:24+02:00;3
cpu/usage_rate.count;2017-07-25T19:15:26+02:00;3
cpu/usage_rate.count;2017-07-25T19:15:28+02:00;3
cpu/usage_rate.count;2017-07-25T19:15:30+02:00;3
cpu/usage_rate.count;2017-07-25T19:15:32+02:00;3
cpu/usage_rate.count;2017-07-25T19:15:34+02:00;3
cpu/usage_rate.count;2017-07-25T19:15:36+02:00;3
cpu/usage_rate.count;2017-07-25T19:15:38+02:00;3
cpu/usage_rate.count;2017-07-25T19:15:40+02:00;3
cpu/usage_rate.count;2017-07-25T19:15:42+02:00;3
cpu/usage_rate.count;2017-07-25T19:15:44+02:00;3
cpu/usage_rate.count;2017-07-25T19:15:46+02:00;3
cpu/usage_rate.count;2017-07-25T19:15:48+02:00;3
cpu/usage_rate.count;2017-07-25T19:15:50+02:00;3
cpu/usage_rate.count;2017-07-25T19:15:52+02:00;3
cpu/usage_rate.count;2017-07-25T19:15:54+02:00;3
cpu/usage_rate.count;2017-07-25T19:15:56+02:00;3
cpu/usage_rate.count;2017-07-25T19:15:58+02:00;3
cpu/usage_rate.count;2017-07-25T19:16:00+02:00;3
cpu/usage_rate.count;2017-07-25T19:16:02+02:00;3
cpu/usage_rate.count;2017-07-25T19:16:04+02:00;3
cpu/usage_rate.count;2017-07-25T19:16:06+02:00;3
cpu/usage_rate.count;2017-07-25T19:16:08+02:00;3
cpu/usage_rate.count;2017-07-25T19:16:10+02:00;3
cpu/usage_rate.count;2017-07-25T19:16:12+02:00;3
cpu/usage_rate.count;2017-07-25T19:16:14+02:00;3
cpu/usage_rate.count;2017-07-25T19:16:16+02:00;3
cpu/usage_rate.count;2017-07-25T19:16:18+02:00;3
cpu/usage_rate.count;2017-07-25T19:16:20+02:00;3
cpu/usage_rate.count;2017-07-25T19:16:22+02:00;3
cpu/usage_rate.count;2017-07-25T19:16:24+02:00;3
cpu/usage_rate.count;2017-07-25T19:16:26+02:00;3
cpu/usage_rate.count;2017-07-25T19:16:28+02:00;3
cpu/usage_rate.count;2017-07-25T19:16:30+02:00;3
cpu/usage_rate.count;2017-07-25T19:16:32+02:00;3
cpu/usage_rate.count;2017-07-25T19:16:34+02:00;3
cpu/usage_rate.count;2017-07-25T19:16:36+02:00;3
cpu/usage_rate.count;2017-07-25T19:16:38+02:00;3
cpu/usage_rate.count;2017-07-25T19:16:40+02:00;3
cpu/usage_rate.count;2017-07-25T19:16:42+02:00;3
cpu/usage_rate.count;2017-07-25T19:16:44+02:00;3
cpu/usage_rate.count;2017-07-25T19:16:46+02:00;3
cpu/usage_rate.count;2017-07-25T19:16:48+02:00;3
cpu/usage_rate.count;2017-07-25T19:16:50+02:00;3
cpu/usage_rate.count;2017-07-25T19:16:52+02:00;3
cpu/usage_rate.count;2017-07-25T19:16:54+02:00;3
cpu/usage_rate.count;2017-07-25T19:16:56+02:00;3
cpu/usage_rate.count;2017-07-25T19:16:58+02:00;3
cpu/usage_rate.count;2017-07-25T19:17:00+02:00;3
cpu/usage_rate.count;2017-07-25T19:17:02+02:00;3
cpu/usage_rate.count;2017-07-25T19:17:04+02:00;3
cpu/usage_rate.count;2017-07-25T19:17:06+02:00;3
cpu/usage_rate.count;2017-07-25T19:17:08+02:00;3
cpu/usage_rate.count;2017-07-25T19:17:10+02:00;3
cpu/usage_rate.count;2017-07-25T19:17:12+02:00;3
cpu/usage_rate.count;2017-07-25T19:17:14+02:00;3
cpu/usage_rate.count;2017-07-25T19:17:16+02:00;3
cpu/usage_rate.count;2017-07-25T19:17:18+02:00;3
cpu/usage_rate.count;2017-07-25T19:17:20+02:00;3
cpu/usage_rate.count;2017-07-25T19:17:22+02:00;3
cpu/usage_rate.count;2017-07-25T19:17:24+02:00;3
cpu/usage_rate.count;2017-07-25T19:17:26+02:00;3
cpu/usage_rate.count;2017-07-25T19:17:28+02:00;3
cpu/usage_rate.count;2017-07-25T19:17:30+02:00;3
cpu/usage_rate.count;2017-07-25T19:17:32+02:00;3
cpu/usage_rate.count;2017-07-25T19:17:34+02:00;3
cpu/usage_rate.count;2017-07-25T19:17:36+02:00;3
cpu/usage_rate.count;2017-07-25T19:17:38+02:00;3
cpu/usage_rate.count;2017-07-25T19:17:40+02:00;3
cpu/usage_rate.count;2017-07-25T19:17:42+02:00;3
cpu/usage_rate.count;2017-07-25T19:17:44+02:00;3
cpu/usage_rate.count;2017-07-25T19:17:46+02:00;3
cpu/usage_rate.count;2017-07-25T19:17:48+02:00;3
cpu/usage_rate.count;2017-07-25T19:17:50+02:00;3
cpu/usage_rate.count;2017-07-25T19:17:52+02:00;3
cpu/usage_rate.count;2017-07-25T19:17:54+02:00;3
cpu/usage_rate.count;2017-07-25T19:17:56+02:00;3
cpu/usage_rate.count;2017-07-25T19:17:58+02:00;3
cpu/usage_rate.count;2017-07-25T19:18:00+02:00;3
cpu/usage_rate.count;2017-07-25T19:18:02+02:00;3
cpu/usage_rate.count;2017-07-25T19:18:04+02:00;3
cpu/usage_rate.count;2017-07-25T19:18:06+02:00;3
cpu/usage_rate.count;2017-07-25T19:18:08+02:00;3
cpu/usage_rate.count;2017-07-25T19:18:10+02:00;3
cpu/usage_rate.count;2017-07-25T19:18:12+02:00;3
cpu/usage_rate.count;2017-07-25T19:18:14+02:00;3
cpu/usage_rate.count;2017-07-25T19:18:16+02:00;3
cpu/usage_rate.count;2017-07-25T19:18:18+02:00;3
cpu/usage_rate.count;2017-07-25T19:18:20+02:00;3
cpu/usage_rate.count;2017-07-25T19:18:22+02:00;3
cpu/usage_rate.count;2017-07-25T19:18:24+02:00;3
cpu/usage_rate.count;2017-07-25T19:18:26+02:00;3
cpu/usage_rate.count;2017-07-25T19:18:28+02:00;3
cpu/usage_rate.count;2017-07-25T19:18:30+02:00;3
cpu/usage_rate.count;2017-07-25T19:18:32+02:00;3
cpu/usage_rate.count;2017-07-25T19:18:34+02:00;3
cpu/usage_rate.count;2017-07-25T19:18:36+02:00;3
cpu/usage_rate.count;2017-07-25T19:18:38+02:00;3
cpu/usage_rate.count;2017-07-25T19:18:40+02:00;3
cpu/usage_rate.count;2017-07-25T19:18:42+02:00;3
cpu/usage_rate.count;2017-07-25T19:18:44+02:00;3
cpu/usage_rate.count;2017-07-25T19:18:46+02:00;3
cpu/usage_rate.count;2017-07-25T19:18:48+02:00;3
cpu/usage_rate.count;2017-07-25T19:18:50+02:00;3
cpu/usage_rate.count;2017-07-25T19:18:52+02:00;3
cpu/usage_rate.count;2017-07-25T19:18:54+02:00;3
cpu/usage_rate.count;2017-07-25T19:18:56+02:00;3
cpu/usage_rate.count;2017-07-25T19:18:58+02:00;3
cpu/usage_rate.count;2017-07-25T19:19:00+02:00;3
cpu/usage_rate.count;2017-07-25T19:19:02+02:00;3
cpu/usage_rate.count;2017-07-25T19:19:04+02:00;3
cpu/usage_rate.count;2017-07-25T19:19:06+02:00;3
cpu/usage_rate.count;2017-07-25T19:19:08+02:00;3
cpu/usage_rate.count;2017-07-25T19:19:10+02:00;3
cpu/usage_rate.count;2017-07-25T19:19:12+02:00;3
cpu/usage_rate.count;2017-07-25T19:19:14+02:00;3
cpu/usage_rate.count;2017-07-25T19:19:16+02:00;3
cpu/usage_rate.count;2017-07-25T19:19:18+02:00;3
cpu/usage_rate.count;2017-07-25T19:19:20+02:00;3
cpu/usage_rate.count;2017-07-25T19:19:22+02:00;3
cpu/usage_rate.count;2017-07-25T19:19:24+02:00;3
cpu/usage_rate.count;2017-07-25T19:19:26+02:00;3
cpu/usage_rate.count;2017-07-25T19:19:28+02:00;3
cpu/usage_rate.count;2017-07-25T19:19:30+02:00;3
cpu/usage_rate.count;2017-07-25T19:19:32+02:00;3
cpu/usage_rate.count;2017-07-25T19:19:34+02:00;3
cpu/usage_rate.count;2017-07-25T19:19:36+02:00;3
cpu/usage_rate.count;2017-07-25T19:19:38+02:00;3
cpu/usage_rate.count;2017-07-25T19:19:40+02:00;3
cpu/usage_rate.count;2017-07-25T19:19:42+02:00;3
cpu/usage_rate.count;2017-07-25T19:19:44+02:00;3
cpu/usage_rate.count;2017-07-25T19:19:46+02:00;3
cpu/usage_rate.count;2017-07-25T19:19:48+02:00;3
cpu/usage_rate.count;2017-07-25T19:19:50+02:00;3
cpu/usage_rate.count;2017-07-25T19:19:52+02:00;3
cpu/usage_rate.count;2017-07-25T19:19:54+02:00;3
cpu/usage_rate.count;2017-07-25T19:19:56+02:00;3
cpu/usage_rate.count;2017-07-25T19:19:58+02:00;3
cpu/usage_rate.count;2017-07-25T19:20:00+02:00;3
cpu/usage_rate.count;2017-07-25T19:20:02+02:00;3
cpu/usage_rate.count;2017-07-25T19:20:04+02:00;3
cpu/usage_rate.count;2017-07-25T19:20:06+02:00;3
cpu/usage_rate.count;2017-07-25T19:20:08+02:00;3
cpu/usage_rate.count;2017-07-25T19:20:10+02:00;3
cpu/usage_rate.count;2017-07-25T19:20:12+02:00;3
cpu/usage_rate.count;2017-07-25T19:20:14+02:00;3
cpu/usage_rate.count;2017-07-25T19:20:16+02:00;3
cpu/usage_rate.count;2017-07-25T19:20:18+02:00;3
cpu/usage_rate.count;2017-07-25T19:20:20+02:00;3
cpu/usage_rate.count;2017-07-25T19:20:22+02:00;3
cpu/usage_rate.count;2017-07-25T19:20:24+02:00;3
cpu/usage_rate.count;2017-07-25T19:20:26+02:00;3
cpu/usage_rate.count;2017-07-25T19:20:28+02:00;3
cpu/usage_rate.count;2017-07-25T19:20:30+02:00;3
cpu/usage_rate.count;2017-07-25T19:20:32+02:00;3
cpu/usage_rate.count;2017-07-25T19:20:34+02:00;3
cpu/usage_rate.count;2017-07-25T19:20:36+02:00;3
cpu/usage_rate.count;2017-07-25T19:20:38+02:00;3
cpu/usage_rate.count;2017-07-25T19:20:40+02:00;3
cpu/usage_rate.count;2017-07-25T19:20:42+02:00;3
cpu/usage_rate.count;2017-07-25T19:20:44+02:00;3
cpu/usage_rate.count;2017-07-25T19:20:46+02:00;3
cpu/usage_rate.count;2017-07-25T19:20:48+02:00;3
cpu/usage_rate.count;2017-07-25T19:20:50+02:00;3
cpu/usage_rate.count;2017-07-25T19:20:52+02:00;3
cpu/usage_rate.count;2017-07-25T19:20:54+02:00;3
cpu/usage_rate.count;2017-07-25T19:20:56+02:00;3
cpu/usage_rate.count;2017-07-25T19:20:58+02:00;3
cpu/usage_rate.count;2017-07-25T19:21:00+02:00;3
cpu/usage_rate.count;2017-07-25T19:21:02+02:00;3
cpu/usage_rate.count;2017-07-25T19:21:04+02:00;3
cpu/usage_rate.count;2017-07-25T19:21:06+02:00;3
cpu/usage_rate.count;2017-07-25T19:21:08+02:00;3
cpu/usage_rate.count;2017-07-25T19:21:10+02:00;3
cpu/usage_rate.count;2017-07-25T19:21:12+02:00;3
cpu/usage_rate.count;2017-07-25T19:21:14+02:00;3
cpu/usage_rate.count;2017-07-25T19:21:16+02:00;3
cpu/usage_rate.count;2017-07-25T19:21:18+02:00;3
cpu/usage_rate.count;2017-07-25T19:21:20+02:00;3
cpu/usage_rate.count;2017-07-25T19:21:22+02:00;3
cpu/usage_rate.count;2017-07-25T19:21:24+02:00;3
cpu/usage_rate.count;2017-07-25T19:21:26+02:00;3
cpu/usage_rate.count;2017-07-25T19:21:28+02:00;3
cpu/usage_rate.count;2017-07-25T19:21:30+02:00;3
cpu/usage_rate.count;2017-07-25T19:21:32+02:00;3
cpu/usage_rate.count;2017-07-25T19:21:34+02:00;3
cpu/usage_rate.count;2017-07-25T19:21:36+02:00;3
cpu/usage_rate.count;2017-07-25T19:21:38+02:00;3
cpu/usage_rate.count;2017-07-25T19:21:40+02:00;3
cpu/usage_rate.count;2017-07-25T19:21:42+02:00;3
cpu/usage_rate.count;2017-07-25T19:21:44+02:00;3
cpu/usage_rate.count;2017-07-25T19:21:46+02:00;3
cpu/usage_rate.count;2017-07-25T19:21:48+02:00;3
cpu/usage_rate.count;2017-07-25T19:21:50+02:00;3
cpu/usage_rate.count;2017-07-25T19:21:52+02:00;3
cpu/usage_rate.count;2017-07-25T19:21:54+02:00;3
cpu/usage_rate.count;2017-07-25T19:21:56+02:00;3
cpu/usage_rate.count;2017-07-25T19:21:58+02:00;3
cpu/usage_rate.count;2017-07-25T19:22:00+02:00;3
cpu/usage_rate.count;2017-07-25T19:22:02+02:00;3
cpu/usage_rate.count;2017-07-25T19:22:04+02:00;3
cpu/usage_rate.count;2017-07-25T19:22:06+02:00;3
cpu/usage_rate.count;2017-07-25T19:22:08+02:00;3
cpu/usage_rate.count;2017-07-25T19:22:10+02:00;3
cpu/usage_rate.count;2017-07-25T19:22:12+02:00;3
cpu/usage_rate.count;2017-07-25T19:22:14+02:00;3
cpu/usage_rate.count;2017-07-25T19:22:16+02:00;3
cpu/usage_rate.count;2017-07-25T19:22:18+02:00;3
cpu/usage_rate.count;2017-07-25T19:22:20+02:00;3
cpu/usage_rate.count;2017-07-25T19:22:22+02:00;3
cpu/usage_rate.count;2017-07-25T19:22:24+02:00;3
cpu/usage_rate.count;2017-07-25T19:22:26+02:00;3
cpu/usage_rate.count;2017-07-25T19:22:28+02:00;3
cpu/usage_rate.count;2017-07-25T19:22:30+02:00;3
cpu/usage_rate.count;2017-07-25T19:22:32+02:00;3
cpu/usage_rate.count;2017-07-25T19:22:34+02:00;3
cpu/usage_rate.count;2017-07-25T19:22:36+02:00;3
cpu/usage_rate.count;2017-07-25T19:22:38+02:00;3
cpu/usage_rate.count;2017-07-25T19:22:40+02:00;3
cpu/usage_rate.count;2017-07-25T19:22:42+02:00;3
cpu/usage_rate.count;2017-07-25T19:22:44+02:00;3
cpu/usage_rate.count;2017-07-25T19:22:46+02:00;3
cpu/usage_rate.count;2017-07-25T19:22:48+02:00;3
cpu/usage_rate.count;2017-07-25T19:22:50+02:00;3
cpu/usage_rate.count;2017-07-25T19:22:52+02:00;3
cpu/usage_rate.count;2017-07-25T19:22:54+02:00;3
cpu/usage_rate.count;2017-07-25T19:22:56+02:00;3
cpu/usage_rate.count;2017-07-25T19:22:58+02:00;3
cpu/usage_rate.count;2017-07-25T19:23:00+02:00;3
cpu/usage_rate.count;2017-07-25T19:23:02+02:00;3
cpu/usage_rate.count;2017-07-25T19:23:04+02:00;3
cpu/usage_rate.count;2017-07-25T19:23:06+02:00;3
cpu/usage_rate.count;2017-07-25T19:23:08+02:00;3
cpu/usage_rate.count;2017-07-25T19:23:10+02:00;3
cpu/usage_rate.count;2017-07-25T19:23:12+02:00;3
cpu/usage_rate.count;2017-07-25T19:23:14+02:00;3
cpu/usage_rate.count;2017-07-25T19:23:16+02:00;3
cpu/usage_rate.count;2017-07-25T19:23:18+02:00;3
cpu/usage_rate.count;2017-07-25T19:23:20+02:00;3
cpu/usage_rate.count;2017-07-25T19:23:22+02:00;3
cpu/usage_rate.count;2017-07-25T19:23:24+02:00;3
cpu/usage_rate.count;2017-07-25T19:23:26+02:00;3
cpu/usage_rate.count;2017-07-25T19:23:28+02:00;3
cpu/usage_rate.count;2017-07-25T19:23:30+02:00;3
cpu/usage_rate.count;2017-07-25T19:23:32+02:00;3
cpu/usage_rate.count;2017-07-25T19:23:34+02:00;3
cpu/usage_rate.count;2017-07-25T19:23:36+02:00;3
cpu/usage_rate.count;2017-07-25T19:23:38+02:00;3
cpu/usage_rate.count;2017-07-25T19:23:40+02:00;3
cpu/usage_rate.count;2017-07-25T19:23:42+02:00;3
cpu/usage_rate.count;2017-07-25T19:23:44+02:00;3
cpu/usage_rate.count;2017-07-25T19:23:46+02:00;3
cpu/usage_rate.count;2017-07-25T19:23:48+02:00;3
cpu/usage_rate.count;2017-07-25T19:23:50+02:00;3
cpu/usage_rate.count;2017-07-25T19:23:52+02:00;3
cpu/usage_rate.count;2017-07-25T19:23:54+02:00;3
cpu/usage_rate.count;2017-07-25T19:23:56+02:00;3
cpu/usage_rate.count;2017-07-25T19:23:58+02:00;3
cpu/usage_rate.count;2017-07-25T19:24:00+02:00;3
cpu/usage_rate.count;2017-07-25T19:24:02+02:00;3
cpu/usage_rate.count;2017-07-25T19:24:04+02:00;3
cpu/usage_rate.count;2017-07-25T19:24:06+02:00;3
cpu/usage_rate.count;2017-07-25T19:24:08+02:00;3
cpu/usage_rate.count;2017-07-25T19:24:10+02:00;3
cpu/usage_rate.count;2017-07-25T19:24:12+02:00;3
cpu/usage_rate.count;2017-07-25T19:24:14+02:00;3
cpu/usage_rate.count;2017-07-25T19:24:16+02:00;3
cpu/usage_rate.count;2017-07-25T19:24:18+02:00;3
cpu/usage_rate.count;2017-07-25T19:24:20+02:00;3
cpu/usage_rate.count;2017-07-25T19:24:22+02:00;3
cpu/usage_rate.count;2017-07-25T19:24:24+02:00;3
cpu/usage_rate.count;2017-07-25T19:24:26+02:00;3
cpu/usage_rate.count;2017-07-25T19:24:28+02:00;3
cpu/usage_rate.count;2017-07-25T19:24:30+02:00;3
cpu/usage_rate.count;2017-07-25T19:24:32+02:00;3
cpu/usage_rate.count;2017-07-25T19:24:34+02:00;3
cpu/usage_rate.count;2017-07-25T19:24:36+02:00;3
cpu/usage_rate.count;2017-07-25T19:24:38+02:00;3
cpu/usage_rate.count;2017-07-25T19:24:40+02:00;3
cpu/usage_rate.count;2017-07-25T19:24:42+02:00;3
cpu/usage_rate.count;2017-07-25T19:24:44+02:00;3
cpu/usage_rate.count;2017-07-25T19:24:46+02:00;3
cpu/usage_rate.count;2017-07-25T19:24:48+02:00;3
cpu/usage_rate.count;2017-07-25T19:24:50+02:00;3
cpu/usage_rate.count;2017-07-25T19:24:52+02:00;3
cpu/usage_rate.count;2017-07-25T19:24:54+02:00;3
cpu/usage_rate.count;2017-07-25T19:24:56+02:00;3
cpu/usage_rate.count;2017-07-25T19:24:58+02:00;3
cpu/usage_rate.count;2017-07-25T19:25:00+02:00;3
cpu/usage_rate.count;2017-07-25T19:25:02+02:00;3
cpu/usage_rate.count;2017-07-25T19:25:04+02:00;3
cpu/usage_rate.count;2017-07-25T19:25:06+02:00;3
cpu/usage_rate.count;2017-07-25T19:25:08+02:00;3
cpu/usage_rate.count;2017-07-25T19:25:10+02:00;3
cpu/usage_rate.count;2017-07-25T19:25:12+02:00;3
cpu/usage_rate.count;2017-07-25T19:25:14+02:00;3
cpu/usage_rate.count;2017-07-25T19:25:16+02:00;3
cpu/usage_rate.count;2017-07-25T19:25:18+02:00;3
cpu/usage_rate.count;2017-07-25T19:25:20+02:00;3
cpu/usage_rate.count;2017-07-25T19:25:22+02:00;3
cpu/usage_rate.count;2017-07-25T19:25:24+02:00;3
cpu/usage_rate.count;2017-07-25T19:25:26+02:00;3
cpu/usage_rate.count;2017-07-25T19:25:28+02:00;3
cpu/usage_rate.count;2017-07-25T19:25:30+02:00;3
cpu/usage_rate.count;2017-07-25T19:25:32+02:00;3
cpu/usage_rate.count;2017-07-25T19:25:34+02:00;3
cpu/usage_rate.count;2017-07-25T19:25:36+02:00;3
cpu/usage_rate.count;2017-07-25T19:25:38+02:00;3
cpu/usage_rate.count;2017-07-25T19:25:40+02:00;3
cpu/usage_rate.count;2017-07-25T19:25:42+02:00;3
cpu/usage_rate.count;2017-07-25T19:25:44+02:00;3
cpu/usage_rate.count;2017-07-25T19:25:46+02:00;3
cpu/usage_rate.count;2017-07-25T19:25:48+02:00;3
cpu/usage_rate.count;2017-07-25T19:25:50+02:00;3
cpu/usage_rate.count;2017-07-25T19:25:52+02:00;3
cpu/usage_rate.count;2017-07-25T19:25:54+02:00;3
cpu/usage_rate.count;2017-07-25T19:25:56+02:00;3
cpu/usage_rate.count;2017-07-25T19:25:58+02:00;3
cpu/usage_rate.count;2017-07-25T19:26:00+02:00;3
cpu/usage_rate.count;2017-07-25T19:26:02+02:00;3
cpu/usage_rate.count;2017-07-25T19:26:04+02:00;3
cpu/usage_rate.count;2017-07-25T19:26:06+02:00;3
cpu/usage_rate.count;2017-07-25T19:26:08+02:00;3
cpu/usage_rate.count;2017-07-25T19:26:10+02:00;3
cpu/usage_rate.count;2017-07-25T19:26:12+02:00;3
cpu/usage_rate.count;2017-07-25T19:26:14+02:00;3
cpu/usage_rate.count;2017-07-25T19:26:16+02:00;3
cpu/usage_rate.count;2017-07-25T19:26:18+02:00;3
cpu/usage_rate.count;2017-07-25T19:26:20+02:00;3
cpu/usage_rate.count;2017-07-25T19:26:22+02:00;3
cpu/usage_rate.count;2017-07-25T19:26:24+02:00;3
cpu/usage_rate.count;2017-07-25T19:26:26+02:00;3
cpu/usage_rate.count;2017-07-25T19:26:28+02:00;3
cpu/usage_rate.count;2017-07-25T19:26:30+02:00;3
cpu/usage_rate.count;2017-07-25T19:26:32+02:00;3
cpu/usage_rate.count;2017-07-25T19:26:34+02:00;3
cpu/usage_rate.count;2017-07-25T19:26:36+02:00;3
cpu/usage_rate.count;2017-07-25T19:26:38+02:00;3
cpu/usage_rate.count;2017-07-25T19:26:40+02:00;3
cpu/usage_rate.count;2017-07-25T19:26:42+02:00;3
cpu/usage_rate.count;2017-07-25T19:26:44+02:00;3
cpu/usage_rate.count;2017-07-25T19:26:46+02:00;3
cpu/usage_rate.count;2017-07-25T19:26:48+02:00;3
cpu/usage_rate.count;2017-07-25T19:26:50+02:00;3
cpu/usage_rate.count;2017-07-25T19:26:52+02:00;3
cpu/usage_rate.count;2017-07-25T19:26:54+02:00;3
cpu/usage_rate.count;2017-07-25T19:26:56+02:00;3
cpu/usage_rate.count;2017-07-25T19:26:58+02:00;3
cpu/usage_rate.count;2017-07-25T19:27:00+02:00;3
cpu/usage_rate.count;2017-07-25T19:27:02+02:00;3
cpu/usage_rate.count;2017-07-25T19:27:04+02:00;3
cpu/usage_rate.count;2017-07-25T19:27:06+02:00;3
cpu/usage_rate.count;2017-07-25T19:27:08+02:00;3
cpu/usage_rate.count;2017-07-25T19:27:10+02:00;3
cpu/usage_rate.count;2017-07-25T19:27:12+02:00;3
cpu/usage_rate.count;2017-07-25T19:27:14+02:00;3
cpu/usage_rate.count;2017-07-25T19:27:16+02:00;3
cpu/usage_rate.count;2017-07-25T19:27:18+02:00;3
cpu/usage_rate.count;2017-07-25T19:27:20+02:00;3
cpu/usage_rate.count;2017-07-25T19:27:22+02:00;3
cpu/usage_rate.count;2017-07-25T19:27:24+02:00;3
cpu/usage_rate.count;2017-07-25T19:27:26+02:00;3
cpu/usage_rate.count;2017-07-25T19:27:28+02:00;3
cpu/usage_rate.count;2017-07-25T19:27:30+02:00;3
cpu/usage_rate.count;2017-07-25T19:27:32+02:00;3
cpu/usage_rate.count;2017-07-25T19:27:34+02:00;3
cpu/usage_rate.count;2017-07-25T19:27:36+02:00;3
cpu/usage_rate.count;2017-07-25T19:27:38+02:00;3
cpu/usage_rate.count;2017-07-25T19:27:40+02:00;3
cpu/usage_rate.count;2017-07-25T19:27:42+02:00;3
cpu/usage_rate.count;2017-07-25T19:27:44+02:00;3
cpu/usage_rate.count;2017-07-25T19:27:46+02:00;3
cpu/usage_rate.count;2017-07-25T19:27:48+02:00;3
cpu/usage_rate.count;2017-07-25T19:27:50+02:00;3
cpu/usage_rate.count;2017-07-25T19:27:52+02:00;3
cpu/usage_rate.count;2017-07-25T19:27:54+02:00;3
cpu/usage_rate.count;2017-07-25T19:27:56+02:00;3
cpu/usage_rate.count;2017-07-25T19:27:58+02:00;3
cpu/usage_rate.count;2017-07-25T19:28:00+02:00;3
cpu/usage_rate.count;2017-07-25T19:28:02+02:00;3
cpu/usage_rate.count;2017-07-25T19:28:04+02:00;3
cpu/usage_rate.count;2017-07-25T19:28:06+02:00;3
cpu/usage_rate.count;2017-07-25T19:28:08+02:00;3
cpu/usage_rate.count;2017-07-25T19:28:10+02:00;3
cpu/usage_rate.count;2017-07-25T19:28:12+02:00;3
cpu/usage_rate.count;2017-07-25T19:28:14+02:00;3
cpu/usage_rate.count;2017-07-25T19:28:16+02:00;3
cpu/usage_rate.count;2017-07-25T19:28:18+02:00;3
cpu/usage_rate.count;2017-07-25T19:28:20+02:00;3
cpu/usage_rate.count;2017-07-25T19:28:22+02:00;3
cpu/usage_rate.count;2017-07-25T19:28:24+02:00;3
cpu/usage_rate.count;2017-07-25T19:28:26+02:00;3
cpu/usage_rate.count;2017-07-25T19:28:28+02:00;3
cpu/usage_rate.count;2017-07-25T19:28:30+02:00;3
cpu/usage_rate.count;2017-07-25T19:28:32+02:00;3
cpu/usage_rate.count;2017-07-25T19:28:34+02:00;3
cpu/usage_rate.count;2017-07-25T19:28:36+02:00;3
cpu/usage_rate.count;2017-07-25T19:28:38+02:00;3
cpu/usage_rate.count;2017-07-25T19:28:40+02:00;3
cpu/usage_rate.count;2017-07-25T19:28:42+02:00;3
cpu/usage_rate.count;2017-07-25T19:28:44+02:00;3
cpu/usage_rate.count;2017-07-25T19:28:46+02:00;3
cpu/usage_rate.count;2017-07-25T19:28:48+02:00;3
cpu/usage_rate.count;2017-07-25T19:28:50+02:00;3
cpu/usage_rate.count;2017-07-25T19:28:52+02:00;3
cpu/usage_rate.count;2017-07-25T19:28:54+02:00;3
cpu/usage_rate.count;2017-07-25T19:28:56+02:00;3
cpu/usage_rate.count;2017-07-25T19:28:58+02:00;3
cpu/usage_rate.count;2017-07-25T19:29:00+02:00;3
cpu/usage_rate.count;2017-07-25T19:29:02+02:00;3
cpu/usage_rate.count;2017-07-25T19:29:04+02:00;3
cpu/usage_rate.count;2017-07-25T19:29:06+02:00;3
cpu/usage_rate.count;2017-07-25T19:29:08+02:00;3
cpu/usage_rate.count;2017-07-25T19:29:10+02:00;3
cpu/usage_rate.count;2017-07-25T19:29:12+02:00;3
cpu/usage_rate.count;2017-07-25T19:29:14+02:00;3
cpu/usage_rate.count;2017-07-25T19:29:16+02:00;3
cpu/usage_rate.count;2017-07-25T19:29:18+02:00;3
cpu/usage_rate.count;2017-07-25T19:29:20+02:00;3
cpu/usage_rate.count;2017-07-25T19:29:22+02:00;3
cpu/usage_rate.count;2017-07-25T19:29:24+02:00;3
cpu/usage_rate.count;2017-07-25T19:29:26+02:00;3
cpu/usage_rate.count;2017-07-25T19:29:28+02:00;3
cpu/usage_rate.count;2017-07-25T19:29:30+02:00;3
cpu/usage_rate.count;2017-07-25T19:29:32+02:00;3
cpu/usage_rate.count;2017-07-25T19:29:34+02:00;3
cpu/usage_rate.count;2017-07-25T19:29:36+02:00;3
cpu/usage_rate.count;2017-07-25T19:29:38+02:00;3
cpu/usage_rate.count;2017-07-25T19:29:40+02:00;3
cpu/usage_rate.count;2017-07-25T19:29:42+02:00;3
cpu/usage_rate.count;2017-07-25T19:29:44+02:00;3
cpu/usage_rate.count;2017-07-25T19:29:46+02:00;3
cpu/usage_rate.count;2017-07-25T19:29:48+02:00;3
cpu/usage_rate.count;2017-07-25T19:29:50+02:00;3
cpu/usage_rate.count;2017-07-25T19:29:52+02:00;3
cpu/usage_rate.count;2017-07-25T19:29:54+02:00;3
cpu/usage_rate.count;2017-07-25T19:29:56+02:00;3
cpu/usage_rate.count;2017-07-25T19:29:58+02:00;3
cpu/usage_rate.count;2017-07-25T19:30:00+02:00;3
cpu/usage_rate.count;2017-07-25T19:30:02+02:00;3
cpu/usage_rate.count;2017-07-25T19:30:04+02:00;3
cpu/usage_rate.count;2017-07-25T19:30:06+02:00;3
cpu/usage_rate.count;2017-07-25T19:30:08+02:00;3
cpu/usage_rate.count;2017-07-25T19:30:10+02:00;3
cpu/usage_rate.count;2017-07-25T19:30:12+02:00;3
cpu/usage_rate.count;2017-07-25T19:30:14+02:00;3
cpu/usage_rate.count;2017-07-25T19:30:16+02:00;3
cpu/usage_rate.count;2017-07-25T19:30:18+02:00;3
cpu/usage_rate.count;2017-07-25T19:30:20+02:00;3
cpu/usage_rate.count;2017-07-25T19:30:22+02:00;3
cpu/usage_rate.count;2017-07-25T19:30:24+02:00;3
cpu/usage_rate.count;2017-07-25T19:30:26+02:00;3
cpu/usage_rate.count;2017-07-25T19:30:28+02:00;3
cpu/usage_rate.count;2017-07-25T19:30:30+02:00;3
cpu/usage_rate.count;2017-07-25T19:30:32+02:00;3
cpu/usage_rate.count;2017-07-25T19:30:34+02:00;3
cpu/usage_rate.count;2017-07-25T19:30:36+02:00;3
cpu/usage_rate.count;2017-07-25T19:30:38+02:00;3
cpu/usage_rate.count;2017-07-25T19:30:40+02:00;3
cpu/usage_rate.count;2017-07-25T19:30:42+02:00;3
cpu/usage_rate.count;2017-07-25T19:30:44+02:00;3
cpu/usage_rate.count;2017-07-25T19:30:46+02:00;3
cpu/usage_rate.count;2017-07-25T19:30:48+02:00;3
cpu/usage_rate.count;2017-07-25T19:30:50+02:00;3
cpu/usage_rate.count;2017-07-25T19:30:52+02:00;3
cpu/usage_rate.count;2017-07-25T19:30:54+02:00;3
cpu/usage_rate.count;2017-07-25T19:30:56+02:00;3
cpu/usage_rate.count;2017-07-25T19:30:58+02:00;3
cpu/usage_rate.count;2017-07-25T19:31:00+02:00;3
cpu/usage_rate.count;2017-07-25T19:31:02+02:00;3
cpu/usage_rate.count;2017-07-25T19:31:04+02:00;3
cpu/usage_rate.count;2017-07-25T19:31:06+02:00;3
cpu/usage_rate.count;2017-07-25T19:31:08+02:00;3
cpu/usage_rate.count;2017-07-25T19:31:10+02:00;3
cpu/usage_rate.count;2017-07-25T19:31:12+02:00;3
cpu/usage_rate.count;2017-07-25T19:31:14+02:00;3
cpu/usage_rate.count;2017-07-25T19:31:16+02:00;3
cpu/usage_rate.count;2017-07-25T19:31:18+02:00;3
cpu/usage_rate.count;2017-07-25T19:31:20+02:00;3
cpu/usage_rate.count;2017-07-25T19:31:22+02:00;3
cpu/usage_rate.count;2017-07-25T19:31:24+02:00;3
cpu/usage_rate.count;2017-07-25T19:31:26+02:00;3
cpu/usage_rate.count;2017-07-25T19:31:28+02:00;3
cpu/usage_rate.count;2017-07-25T19:31:30+02:00;3
cpu/usage_rate.count;2017-07-25T19:31:32+02:00;3
cpu/usage_rate.count;2017-07-25T19:31:34+02:00;3
cpu/usage_rate.count;2017-07-25T19:31:36+02:00;3
cpu/usage_rate.count;2017-07-25T19:31:38+02:00;3
cpu/usage_rate.count;2017-07-25T19:31:40+02:00;3
cpu/usage_rate.count;2017-07-25T19:31:42+02:00;3
cpu/usage_rate.count;2017-07-25T19:31:44+02:00;3
cpu/usage_rate.count;2017-07-25T19:31:46+02:00;3
cpu/usage_rate.count;2017-07-25T19:31:48+02:00;3
cpu/usage_rate.count;2017-07-25T19:31:50+02:00;3
cpu/usage_rate.count;2017-07-25T19:31:52+02:00;3
cpu/usage_rate.count;2017-07-25T19:31:54+02:00;3
cpu/usage_rate.count;2017-07-25T19:31:56+02:00;3
cpu/usage_rate.count;2017-07-25T19:31:58+02:00;3
cpu/usage_rate.count;2017-07-25T19:32:00+02:00;3
cpu/usage_rate.count;2017-07-25T19:32:02+02:00;3
cpu/usage_rate.count;2017-07-25T19:32:04+02:00;3
cpu/usage_rate.count;2017-07-25T19:32:06+02:00;3
cpu/usage_rate.count;2017-07-25T19:32:08+02:00;3
cpu/usage_rate.count;2017-07-25T19:32:10+02:00;3
cpu/usage_rate.count;2017-07-25T19:32:12+02:00;3
cpu/usage_rate.count;2017-07-25T19:32:14+02:00;3
cpu/usage_rate.count;2017-07-25T19:32:16+02:00;3
cpu/usage_rate.count;2017-07-25T19:32:18+02:00;3
cpu/usage_rate.count;2017-07-25T19:32:20+02:00;3
cpu/usage_rate.count;2017-07-25T19:32:22+02:00;3
cpu/usage_rate.count;2017-07-25T19:32:24+02:00;3
cpu/usage_rate.count;2017-07-25T19:32:26+02:00;3
cpu/usage_rate.count;2017-07-25T19:32:28+02:00;3
cpu/usage_rate.count;2017-07-25T19:32:30+02:00;3
cpu/usage_rate.count;2017-07-25T19:32:32+02:00;3
cpu/usage_rate.count;2017-07-25T19:32:34+02:00;3
cpu/usage_rate.count;2017-07-25T19:32:36+02:00;3
cpu/usage_rate.count;2017-07-25T19:32:38+02:00;3
cpu/usage_rate.count;2017-07-25T19:32:40+02:00;3
cpu/usage_rate.count;2017-07-25T19:32:42+02:00;3
cpu/usage_rate.count;2017-07-25T19:32:44+02:00;3
cpu/usage_rate.count;2017-07-25T19:32:46+02:00;3
cpu/usage_rate.count;2017-07-25T19:32:48+02:00;3
cpu/usage_rate.count;2017-07-25T19:32:50+02:00;3
cpu/usage_rate.count;2017-07-25T19:32:52+02:00;3
cpu/usage_rate.count;2017-07-25T19:32:54+02:00;3
cpu/usage_rate.count;2017-07-25T19:32:56+02:00;3
cpu/usage_rate.count;2017-07-25T19:32:58+02:00;3
cpu/usage_rate.count;2017-07-25T19:33:00+02:00;9
cpu/usage_rate.count;2017-07-25T19:33:02+02:00;9
cpu/usage_rate.count;2017-07-25T19:33:04+02:00;9
cpu/usage_rate.count;2017-07-25T19:33:06+02:00;9
cpu/usage_rate.count;2017-07-25T19:33:08+02:00;9
cpu/usage_rate.count;2017-07-25T19:33:10+02:00;9
cpu/usage_rate.count;2017-07-25T19:33:12+02:00;9
cpu/usage_rate.count;2017-07-25T19:33:14+02:00;9
cpu/usage_rate.count;2017-07-25T19:33:16+02:00;9
cpu/usage_rate.count;2017-07-25T19:33:18+02:00;9
cpu/usage_rate.count;2017-07-25T19:33:20+02:00;9
cpu/usage_rate.count;2017-07-25T19:33:22+02:00;9
cpu/usage_rate.count;2017-07-25T19:33:24+02:00;9
cpu/usage_rate.count;2017-07-25T19:33:26+02:00;9
cpu/usage_rate.count;2017-07-25T19:33:28+02:00;9
cpu/usage_rate.count;2017-07-25T19:33:30+02:00;9
cpu/usage_rate.count;2017-07-25T19:33:32+02:00;9
cpu/usage_rate.count;2017-07-25T19:33:34+02:00;9
cpu/usage_rate.count;2017-07-25T19:33:36+02:00;9
cpu/usage_rate.count;2017-07-25T19:33:38+02:00;9
cpu/usage_rate.count;2017-07-25T19:33:40+02:00;9
cpu/usage_rate.count;2017-07-25T19:33:42+02:00;9
cpu/usage_rate.count;2017-07-25T19:33:44+02:00;9
cpu/usage_rate.count;2017-07-25T19:33:46+02:00;9
cpu/usage_rate.count;2017-07-25T19:33:48+02:00;9
cpu/usage_rate.count;2017-07-25T19:33:50+02:00;9
cpu/usage_rate.count;2017-07-25T19:33:52+02:00;9
cpu/usage_rate.count;2017-07-25T19:33:54+02:00;9
cpu/usage_rate.count;2017-07-25T19:33:56+02:00;9
cpu/usage_rate.count;2017-07-25T19:33:58+02:00;9
cpu/usage_rate.count;2017-07-25T19:34:00+02:00;9
cpu/usage_rate.count;2017-07-25T19:34:02+02:00;9
cpu/usage_rate.count;2017-07-25T19:34:04+02:00;9
cpu/usage_rate.count;2017-07-25T19:34:06+02:00;9
cpu/usage_rate.count;2017-07-25T19:34:08+02:00;9
cpu/usage_rate.count;2017-07-25T19:34:10+02:00;9
cpu/usage_rate.count;2017-07-25T19:34:12+02:00;9
cpu/usage_rate.count;2017-07-25T19:34:14+02:00;9
cpu/usage_rate.count;2017-07-25T19:34:16+02:00;9
cpu/usage_rate.count;2017-07-25T19:34:18+02:00;9
cpu/usage_rate.count;2017-07-25T19:34:20+02:00;9
cpu/usage_rate.count;2017-07-25T19:34:22+02:00;9
cpu/usage_rate.count;2017-07-25T19:34:24+02:00;9
cpu/usage_rate.count;2017-07-25T19:34:26+02:00;9
cpu/usage_rate.count;2017-07-25T19:34:28+02:00;9
cpu/usage_rate.count;2017-07-25T19:34:30+02:00;9
cpu/usage_rate.count;2017-07-25T19:34:32+02:00;9
cpu/usage_rate.count;2017-07-25T19:34:34+02:00;9
cpu/usage_rate.count;2017-07-25T19:34:36+02:00;9
cpu/usage_rate.count;2017-07-25T19:34:38+02:00;9
cpu/usage_rate.count;2017-07-25T19:34:40+02:00;9
cpu/usage_rate.count;2017-07-25T19:34:42+02:00;9
cpu/usage_rate.count;2017-07-25T19:34:44+02:00;9
cpu/usage_rate.count;2017-07-25T19:34:46+02:00;9
cpu/usage_rate.count;2017-07-25T19:34:48+02:00;9
cpu/usage_rate.count;2017-07-25T19:34:50+02:00;9
cpu/usage_rate.count;2017-07-25T19:34:52+02:00;9
cpu/usage_rate.count;2017-07-25T19:34:54+02:00;9
cpu/usage_rate.count;2017-07-25T19:34:56+02:00;9
cpu/usage_rate.count;2017-07-25T19:34:58+02:00;9
cpu/usage_rate.count;2017-07-25T19:35:00+02:00;9
cpu/usage_rate.count;2017-07-25T19:35:02+02:00;9
cpu/usage_rate.count;2017-07-25T19:35:04+02:00;9
cpu/usage_rate.count;2017-07-25T19:35:06+02:00;9
cpu/usage_rate.count;2017-07-25T19:35:08+02:00;9
cpu/usage_rate.count;2017-07-25T19:35:10+02:00;9
cpu/usage_rate.count;2017-07-25T19:35:12+02:00;9
cpu/usage_rate.count;2017-07-25T19:35:14+02:00;9
cpu/usage_rate.count;2017-07-25T19:35:16+02:00;9
cpu/usage_rate.count;2017-07-25T19:35:18+02:00;9
cpu/usage_rate.count;2017-07-25T19:35:20+02:00;9
cpu/usage_rate.count;2017-07-25T19:35:22+02:00;9
cpu/usage_rate.count;2017-07-25T19:35:24+02:00;9
cpu/usage_rate.count;2017-07-25T19:35:26+02:00;9
cpu/usage_rate.count;2017-07-25T19:35:28+02:00;9
cpu/usage_rate.count;2017-07-25T19:35:30+02:00;9
cpu/usage_rate.count;2017-07-25T19:35:32+02:00;9
cpu/usage_rate.count;2017-07-25T19:35:34+02:00;9
cpu/usage_rate.count;2017-07-25T19:35:36+02:00;9
cpu/usage_rate.count;2017-07-25T19:35:38+02:00;9
cpu/usage_rate.count;2017-07-25T19:35:40+02:00;9
cpu/usage_rate.count;2017-07-25T19:35:42+02:00;9
cpu/usage_rate.count;2017-07-25T19:35:44+02:00;9
cpu/usage_rate.count;2017-07-25T19:35:46+02:00;9
cpu/usage_rate.count;2017-07-25T19:35:48+02:00;9
cpu/usage_rate.count;2017-07-25T19:35:50+02:00;9
cpu/usage_rate.count;2017-07-25T19:35:52+02:00;9
cpu/usage_rate.count;2017-07-25T19:35:54+02:00;9
cpu/usage_rate.count;2017-07-25T19:35:56+02:00;9
cpu/usage_rate.count;2017-07-25T19:35:58+02:00;9
cpu/usage_rate.count;2017-07-25T19:36:00+02:00;9
cpu/usage_rate.count;2017-07-25T19:36:02+02:00;9
cpu/usage_rate.count;2017-07-25T19:36:04+02:00;9
cpu/usage_rate.count;2017-07-25T19:36:06+02:00;9
cpu/usage_rate.count;2017-07-25T19:36:08+02:00;9
cpu/usage_rate.count;2017-07-25T19:36:10+02:00;9
cpu/usage_rate.count;2017-07-25T19:36:12+02:00;9
cpu/usage_rate.count;2017-07-25T19:36:14+02:00;9
cpu/usage_rate.count;2017-07-25T19:36:16+02:00;9
cpu/usage_rate.count;2017-07-25T19:36:18+02:00;9
cpu/usage_rate.count;2017-07-25T19:36:20+02:00;9
cpu/usage_rate.count;2017-07-25T19:36:22+02:00;9
cpu/usage_rate.count;2017-07-25T19:36:24+02:00;9
cpu/usage_rate.count;2017-07-25T19:36:26+02:00;9
cpu/usage_rate.count;2017-07-25T19:36:28+02:00;9
cpu/usage_rate.count;2017-07-25T19:36:30+02:00;9
cpu/usage_rate.count;2017-07-25T19:36:32+02:00;9
cpu/usage_rate.count;2017-07-25T19:36:34+02:00;9
cpu/usage_rate.count;2017-07-25T19:36:36+02:00;9
cpu/usage_rate.count;2017-07-25T19:36:38+02:00;9
cpu/usage_rate.count;2017-07-25T19:36:40+02:00;9
cpu/usage_rate.count;2017-07-25T19:36:42+02:00;9
cpu/usage_rate.count;2017-07-25T19:36:44+02:00;9
cpu/usage_rate.count;2017-07-25T19:36:46+02:00;9
cpu/usage_rate.count;2017-07-25T19:36:48+02:00;9
cpu/usage_rate.count;2017-07-25T19:36:50+02:00;9
cpu/usage_rate.count;2017-07-25T19:36:52+02:00;9
cpu/usage_rate.count;2017-07-25T19:36:54+02:00;9
cpu/usage_rate.count;2017-07-25T19:36:56+02:00;9
cpu/usage_rate.count;2017-07-25T19:36:58+02:00;9
cpu/usage_rate.count;2017-07-25T19:37:00+02:00;9
cpu/usage_rate.count;2017-07-25T19:37:02+02:00;9
cpu/usage_rate.count;2017-07-25T19:37:04+02:00;9
cpu/usage_rate.count;2017-07-25T19:37:06+02:00;9
cpu/usage_rate.count;2017-07-25T19:37:08+02:00;9
cpu/usage_rate.count;2017-07-25T19:37:10+02:00;9
cpu/usage_rate.count;2017-07-25T19:37:12+02:00;9
cpu/usage_rate.count;2017-07-25T19:37:14+02:00;9
cpu/usage_rate.count;2017-07-25T19:37:16+02:00;9
cpu/usage_rate.count;2017-07-25T19:37:18+02:00;9
cpu/usage_rate.count;2017-07-25T19:37:20+02:00;9
cpu/usage_rate.count;2017-07-25T19:37:22+02:00;9
cpu/usage_rate.count;2017-07-25T19:37:24+02:00;9
cpu/usage_rate.count;2017-07-25T19:37:26+02:00;9
cpu/usage_rate.count;2017-07-25T19:37:28+02:00;9
cpu/usage_rate.count;2017-07-25T19:37:30+02:00;9
cpu/usage_rate.count;2017-07-25T19:37:32+02:00;9
cpu/usage_rate.count;2017-07-25T19:37:34+02:00;9
cpu/usage_rate.count;2017-07-25T19:37:36+02:00;9
cpu/usage_rate.count;2017-07-25T19:37:38+02:00;9
cpu/usage_rate.count;2017-07-25T19:37:40+02:00;9
cpu/usage_rate.count;2017-07-25T19:37:42+02:00;9
cpu/usage_rate.count;2017-07-25T19:37:44+02:00;9
cpu/usage_rate.count;2017-07-25T19:37:46+02:00;9
cpu/usage_rate.count;2017-07-25T19:37:48+02:00;9
cpu/usage_rate.count;2017-07-25T19:37:50+02:00;9
cpu/usage_rate.count;2017-07-25T19:37:52+02:00;9
cpu/usage_rate.count;2017-07-25T19:37:54+02:00;9
cpu/usage_rate.count;2017-07-25T19:37:56+02:00;9
cpu/usage_rate.count;2017-07-25T19:37:58+02:00;9
cpu/usage_rate.count;2017-07-25T19:38:00+02:00;9
cpu/usage_rate.count;2017-07-25T19:38:02+02:00;9
cpu/usage_rate.count;2017-07-25T19:38:04+02:00;9
cpu/usage_rate.count;2017-07-25T19:38:06+02:00;9
cpu/usage_rate.count;2017-07-25T19:38:08+02:00;9
cpu/usage_rate.count;2017-07-25T19:38:10+02:00;9
cpu/usage_rate.count;2017-07-25T19:38:12+02:00;9
cpu/usage_rate.count;2017-07-25T19:38:14+02:00;9
cpu/usage_rate.count;2017-07-25T19:38:16+02:00;9
cpu/usage_rate.count;2017-07-25T19:38:18+02:00;9
cpu/usage_rate.count;2017-07-25T19:38:20+02:00;9
cpu/usage_rate.count;2017-07-25T19:38:22+02:00;9
cpu/usage_rate.count;2017-07-25T19:38:24+02:00;9
cpu/usage_rate.count;2017-07-25T19:38:26+02:00;9
cpu/usage_rate.count;2017-07-25T19:38:28+02:00;9
cpu/usage_rate.count;2017-07-25T19:38:30+02:00;9
cpu/usage_rate.count;2017-07-25T19:38:32+02:00;9
cpu/usage_rate.count;2017-07-25T19:38:34+02:00;9
cpu/usage_rate.count;2017-07-25T19:38:36+02:00;9
cpu/usage_rate.count;2017-07-25T19:38:38+02:00;9
cpu/usage_rate.count;2017-07-25T19:38:40+02:00;9
cpu/usage_rate.count;2017-07-25T19:38:42+02:00;9
cpu/usage_rate.count;2017-07-25T19:38:44+02:00;9
cpu/usage_rate.count;2017-07-25T19:38:46+02:00;9
cpu/usage_rate.count;2017-07-25T19:38:48+02:00;9
cpu/usage_rate.count;2017-07-25T19:38:50+02:00;9
cpu/usage_rate.count;2017-07-25T19:38:52+02:00;9
cpu/usage_rate.count;2017-07-25T19:38:54+02:00;9
cpu/usage_rate.count;2017-07-25T19:38:56+02:00;9
cpu/usage_rate.count;2017-07-25T19:38:58+02:00;9
cpu/usage_rate.count;2017-07-25T19:39:00+02:00;9
cpu/usage_rate.count;2017-07-25T19:39:02+02:00;9
cpu/usage_rate.count;2017-07-25T19:39:04+02:00;9
cpu/usage_rate.count;2017-07-25T19:39:06+02:00;9
cpu/usage_rate.count;2017-07-25T19:39:08+02:00;9
cpu/usage_rate.count;2017-07-25T19:39:10+02:00;9
cpu/usage_rate.count;2017-07-25T19:39:12+02:00;9
cpu/usage_rate.count;2017-07-25T19:39:14+02:00;9
cpu/usage_rate.count;2017-07-25T19:39:16+02:00;9
cpu/usage_rate.count;2017-07-25T19:39:18+02:00;9
cpu/usage_rate.count;2017-07-25T19:39:20+02:00;9
cpu/usage_rate.count;2017-07-25T19:39:22+02:00;9
cpu/usage_rate.count;2017-07-25T19:39:24+02:00;9
cpu/usage_rate.count;2017-07-25T19:39:26+02:00;9
cpu/usage_rate.count;2017-07-25T19:39:28+02:00;9
cpu/usage_rate.count;2017-07-25T19:39:30+02:00;9
cpu/usage_rate.count;2017-07-25T19:39:32+02:00;9
cpu/usage_rate.count;2017-07-25T19:39:34+02:00;9
cpu/usage_rate.count;2017-07-25T19:39:36+02:00;9
cpu/usage_rate.count;2017-07-25T19:39:38+02:00;9
cpu/usage_rate.count;2017-07-25T19:39:40+02:00;9
cpu/usage_rate.count;2017-07-25T19:39:42+02:00;9
cpu/usage_rate.count;2017-07-25T19:39:44+02:00;9
cpu/usage_rate.count;2017-07-25T19:39:46+02:00;9
cpu/usage_rate.count;2017-07-25T19:39:48+02:00;9
cpu/usage_rate.count;2017-07-25T19:39:50+02:00;9
cpu/usage_rate.count;2017-07-25T19:39:52+02:00;9
cpu/usage_rate.count;2017-07-25T19:39:54+02:00;9
cpu/usage_rate.count;2017-07-25T19:39:56+02:00;9
cpu/usage_rate.count;2017-07-25T19:39:58+02:00;9
cpu/usage_rate.count;2017-07-25T19:40:00+02:00;9
cpu/usage_rate.count;2017-07-25T19:40:02+02:00;9
cpu/usage_rate.count;2017-07-25T19:40:04+02:00;9
cpu/usage_rate.count;2017-07-25T19:40:06+02:00;9
cpu/usage_rate.count;2017-07-25T19:40:08+02:00;9
cpu/usage_rate.count;2017-07-25T19:40:10+02:00;9
cpu/usage_rate.count;2017-07-25T19:40:12+02:00;9
cpu/usage_rate.count;2017-07-25T19:40:14+02:00;9
cpu/usage_rate.count;2017-07-25T19:40:16+02:00;9
cpu/usage_rate.count;2017-07-25T19:40:18+02:00;9
cpu/usage_rate.count;2017-07-25T19:40:20+02:00;9
cpu/usage_rate.count;2017-07-25T19:40:22+02:00;9
cpu/usage_rate.count;2017-07-25T19:40:24+02:00;9
cpu/usage_rate.count;2017-07-25T19:40:26+02:00;9
cpu/usage_rate.count;2017-07-25T19:40:28+02:00;9
cpu/usage_rate.count;2017-07-25T19:40:30+02:00;9
cpu/usage_rate.count;2017-07-25T19:40:32+02:00;9
cpu/usage_rate.count;2017-07-25T19:40:34+02:00;9
cpu/usage_rate.count;2017-07-25T19:40:36+02:00;9
cpu/usage_rate.count;2017-07-25T19:40:38+02:00;9
cpu/usage_rate.count;2017-07-25T19:40:40+02:00;9
cpu/usage_rate.count;2017-07-25T19:40:42+02:00;9
cpu/usage_rate.count;2017-07-25T19:40:44+02:00;9
cpu/usage_rate.count;2017-07-25T19:40:46+02:00;9
cpu/usage_rate.count;2017-07-25T19:40:48+02:00;9
cpu/usage_rate.count;2017-07-25T19:40:50+02:00;9
cpu/usage_rate.count;2017-07-25T19:40:52+02:00;9
cpu/usage_rate.count;2017-07-25T19:40:54+02:00;9
cpu/usage_rate.count;2017-07-25T19:40:56+02:00;9
cpu/usage_rate.count;2017-07-25T19:40:58+02:00;9
cpu/usage_rate.count;2017-07-25T19:41:00+02:00;9
cpu/usage_rate.count;2017-07-25T19:41:02+02:00;9
cpu/usage_rate.count;2017-07-25T19:41:04+02:00;9
cpu/usage_rate.count;2017-07-25T19:41:06+02:00;9
cpu/usage_rate.count;2017-07-25T19:41:08+02:00;9
cpu/usage_rate.count;2017-07-25T19:41:10+02:00;9
cpu/usage_rate.count;2017-07-25T19:41:12+02:00;9
cpu/usage_rate.count;2017-07-25T19:41:14+02:00;9
cpu/usage_rate.count;2017-07-25T19:41:16+02:00;9
cpu/usage_rate.count;2017-07-25T19:41:18+02:00;9
cpu/usage_rate.count;2017-07-25T19:41:20+02:00;9
cpu/usage_rate.count;2017-07-25T19:41:22+02:00;9
cpu/usage_rate.count;2017-07-25T19:41:24+02:00;9
cpu/usage_rate.count;2017-07-25T19:41:26+02:00;9
cpu/usage_rate.count;2017-07-25T19:41:28+02:00;9
cpu/usage_rate.count;2017-07-25T19:41:30+02:00;9
cpu/usage_rate.count;2017-07-25T19:41:32+02:00;9
cpu/usage_rate.count;2017-07-25T19:41:34+02:00;9
cpu/usage_rate.count;2017-07-25T19:41:36+02:00;9
cpu/usage_rate.count;2017-07-25T19:41:38+02:00;9
cpu/usage_rate.count;2017-07-25T19:41:40+02:00;9
cpu/usage_rate.count;2017-07-25T19:41:42+02:00;9
cpu/usage_rate.count;2017-07-25T19:41:44+02:00;9
cpu/usage_rate.count;2017-07-25T19:41:46+02:00;9
cpu/usage_rate.count;2017-07-25T19:41:48+02:00;9
cpu/usage_rate.count;2017-07-25T19:41:50+02:00;9
cpu/usage_rate.count;2017-07-25T19:41:52+02:00;9
cpu/usage_rate.count;2017-07-25T19:41:54+02:00;9
cpu/usage_rate.count;2017-07-25T19:41:56+02:00;9
cpu/usage_rate.count;2017-07-25T19:41:58+02:00;9
cpu/usage_rate.count;2017-07-25T19:42:00+02:00;9
cpu/usage_rate.count;2017-07-25T19:42:02+02:00;9
cpu/usage_rate.count;2017-07-25T19:42:04+02:00;9
cpu/usage_rate.count;2017-07-25T19:42:06+02:00;9
cpu/usage_rate.count;2017-07-25T19:42:08+02:00;9
cpu/usage_rate.count;2017-07-25T19:42:10+02:00;9
cpu/usage_rate.count;2017-07-25T19:42:12+02:00;9
cpu/usage_rate.count;2017-07-25T19:42:14+02:00;9
cpu/usage_rate.count;2017-07-25T19:42:16+02:00;9
cpu/usage_rate.count;2017-07-25T19:42:18+02:00;9
cpu/usage_rate.count;2017-07-25T19:42:20+02:00;9
cpu/usage_rate.count;2017-07-25T19:42:22+02:00;9
cpu/usage_rate.count;2017-07-25T19:42:24+02:00;9
cpu/usage_rate.count;2017-07-25T19:42:26+02:00;9
cpu/usage_rate.count;2017-07-25T19:42:28+02:00;9
cpu/usage_rate.count;2017-07-25T19:42:30+02:00;9
cpu/usage_rate.count;2017-07-25T19:42:32+02:00;9
cpu/usage_rate.count;2017-07-25T19:42:34+02:00;9
cpu/usage_rate.count;2017-07-25T19:42:36+02:00;9
cpu/usage_rate.count;2017-07-25T19:42:38+02:00;9
cpu/usage_rate.count;2017-07-25T19:42:40+02:00;9
cpu/usage_rate.count;2017-07-25T19:42:42+02:00;9
cpu/usage_rate.count;2017-07-25T19:42:44+02:00;9
cpu/usage_rate.count;2017-07-25T19:42:46+02:00;9
cpu/usage_rate.count;2017-07-25T19:42:48+02:00;9
cpu/usage_rate.count;2017-07-25T19:42:50+02:00;9
cpu/usage_rate.count;2017-07-25T19:42:52+02:00;9
cpu/usage_rate.count;2017-07-25T19:42:54+02:00;9
cpu/usage_rate.count;2017-07-25T19:42:56+02:00;9
cpu/usage_rate.count;2017-07-25T19:42:58+02:00;9
cpu/usage_rate.count;2017-07-25T19:43:00+02:00;9
cpu/usage_rate.count;2017-07-25T19:43:02+02:00;9
cpu/usage_rate.count;2017-07-25T19:43:04+02:00;9
cpu/usage_rate.count;2017-07-25T19:43:06+02:00;9
cpu/usage_rate.count;2017-07-25T19:43:08+02:00;9
cpu/usage_rate.count;2017-07-25T19:43:10+02:00;9
cpu/usage_rate.count;2017-07-25T19:43:12+02:00;9
cpu/usage_rate.count;2017-07-25T19:43:14+02:00;9
cpu/usage_rate.count;2017-07-25T19:43:16+02:00;9
cpu/usage_rate.count;2017-07-25T19:43:18+02:00;9
cpu/usage_rate.count;2017-07-25T19:43:20+02:00;9
cpu/usage_rate.count;2017-07-25T19:43:22+02:00;9
cpu/usage_rate.count;2017-07-25T19:43:24+02:00;9
cpu/usage_rate.count;2017-07-25T19:43:26+02:00;9
cpu/usage_rate.count;2017-07-25T19:43:28+02:00;9
cpu/usage_rate.count;2017-07-25T19:43:30+02:00;9
cpu/usage_rate.count;2017-07-25T19:43:32+02:00;9
cpu/usage_rate.count;2017-07-25T19:43:34+02:00;9
cpu/usage_rate.count;2017-07-25T19:43:36+02:00;9
cpu/usage_rate.count;2017-07-25T19:43:38+02:00;9
cpu/usage_rate.count;2017-07-25T19:43:40+02:00;9
cpu/usage_rate.count;2017-07-25T19:43:42+02:00;9
cpu/usage_rate.count;2017-07-25T19:43:44+02:00;9
cpu/usage_rate.count;2017-07-25T19:43:46+02:00;9
cpu/usage_rate.count;2017-07-25T19:43:48+02:00;9
cpu/usage_rate.count;2017-07-25T19:43:50+02:00;9
cpu/usage_rate.count;2017-07-25T19:43:52+02:00;9
cpu/usage_rate.count;2017-07-25T19:43:54+02:00;9
cpu/usage_rate.count;2017-07-25T19:43:56+02:00;9
cpu/usage_rate.count;2017-07-25T19:43:58+02:00;9
cpu/usage_rate.count;2017-07-25T19:44:00+02:00;9
cpu/usage_rate.count;2017-07-25T19:44:02+02:00;9
cpu/usage_rate.count;2017-07-25T19:44:04+02:00;9
cpu/usage_rate.count;2017-07-25T19:44:06+02:00;9
cpu/usage_rate.count;2017-07-25T19:44:08+02:00;9
cpu/usage_rate.count;2017-07-25T19:44:10+02:00;9
cpu/usage_rate.count;2017-07-25T19:44:12+02:00;9
cpu/usage_rate.count;2017-07-25T19:44:14+02:00;9
cpu/usage_rate.count;2017-07-25T19:44:16+02:00;9
cpu/usage_rate.count;2017-07-25T19:44:18+02:00;9
cpu/usage_rate.count;2017-07-25T19:44:20+02:00;9
cpu/usage_rate.count;2017-07-25T19:44:22+02:00;9
cpu/usage_rate.count;2017-07-25T19:44:24+02:00;9
cpu/usage_rate.count;2017-07-25T19:44:26+02:00;9
cpu/usage_rate.count;2017-07-25T19:44:28+02:00;9
cpu/usage_rate.count;2017-07-25T19:44:30+02:00;9
cpu/usage_rate.count;2017-07-25T19:44:32+02:00;9
cpu/usage_rate.count;2017-07-25T19:44:34+02:00;9
cpu/usage_rate.count;2017-07-25T19:44:36+02:00;9
cpu/usage_rate.count;2017-07-25T19:44:38+02:00;9
cpu/usage_rate.count;2017-07-25T19:44:40+02:00;9
cpu/usage_rate.count;2017-07-25T19:44:42+02:00;9
cpu/usage_rate.count;2017-07-25T19:44:44+02:00;9
cpu/usage_rate.count;2017-07-25T19:44:46+02:00;9
cpu/usage_rate.count;2017-07-25T19:44:48+02:00;9
cpu/usage_rate.count;2017-07-25T19:44:50+02:00;9
cpu/usage_rate.count;2017-07-25T19:44:52+02:00;9
cpu/usage_rate.count;2017-07-25T19:44:54+02:00;9
cpu/usage_rate.count;2017-07-25T19:44:56+02:00;9
cpu/usage_rate.count;2017-07-25T19:44:58+02:00;9
cpu/usage_rate.count;2017-07-25T19:45:00+02:00;9
cpu/usage_rate.count;2017-07-25T19:45:02+02:00;9
cpu/usage_rate.count;2017-07-25T19:45:04+02:00;9
cpu/usage_rate.count;2017-07-25T19:45:06+02:00;9
cpu/usage_rate.count;2017-07-25T19:45:08+02:00;9
cpu/usage_rate.count;2017-07-25T19:45:10+02:00;9
cpu/usage_rate.count;2017-07-25T19:45:12+02:00;9
cpu/usage_rate.count;2017-07-25T19:45:14+02:00;9
cpu/usage_rate.count;2017-07-25T19:45:16+02:00;9
cpu/usage_rate.count;2017-07-25T19:45:18+02:00;9
cpu/usage_rate.count;2017-07-25T19:45:20+02:00;9
cpu/usage_rate.count;2017-07-25T19:45:22+02:00;9
cpu/usage_rate.count;2017-07-25T19:45:24+02:00;9
cpu/usage_rate.count;2017-07-25T19:45:26+02:00;9
cpu/usage_rate.count;2017-07-25T19:45:28+02:00;9
cpu/usage_rate.count;2017-07-25T19:45:30+02:00;9
cpu/usage_rate.count;2017-07-25T19:45:32+02:00;9
cpu/usage_rate.count;2017-07-25T19:45:34+02:00;9
cpu/usage_rate.count;2017-07-25T19:45:36+02:00;9
cpu/usage_rate.count;2017-07-25T19:45:38+02:00;9
cpu/usage_rate.count;2017-07-25T19:45:40+02:00;9
cpu/usage_rate.count;2017-07-25T19:45:42+02:00;9
cpu/usage_rate.count;2017-07-25T19:45:44+02:00;9
cpu/usage_rate.count;2017-07-25T19:45:46+02:00;9
cpu/usage_rate.count;2017-07-25T19:45:48+02:00;9
cpu/usage_rate.count;2017-07-25T19:45:50+02:00;9
cpu/usage_rate.count;2017-07-25T19:45:52+02:00;9
cpu/usage_rate.count;2017-07-25T19:45:54+02:00;9
cpu/usage_rate.count;2017-07-25T19:45:56+02:00;9
cpu/usage_rate.count;2017-07-25T19:45:58+02:00;9
cpu/usage_rate.count;2017-07-25T19:46:00+02:00;9
cpu/usage_rate.count;2017-07-25T19:46:02+02:00;9
cpu/usage_rate.count;2017-07-25T19:46:04+02:00;9
cpu/usage_rate.count;2017-07-25T19:46:06+02:00;9
cpu/usage_rate.count;2017-07-25T19:46:08+02:00;9
cpu/usage_rate.count;2017-07-25T19:46:10+02:00;9
cpu/usage_rate.count;2017-07-25T19:46:12+02:00;9
cpu/usage_rate.count;2017-07-25T19:46:14+02:00;9
cpu/usage_rate.count;2017-07-25T19:46:16+02:00;9
cpu/usage_rate.count;2017-07-25T19:46:18+02:00;9
cpu/usage_rate.count;2017-07-25T19:46:20+02:00;9
cpu/usage_rate.count;2017-07-25T19:46:22+02:00;9
cpu/usage_rate.count;2017-07-25T19:46:24+02:00;9
cpu/usage_rate.count;2017-07-25T19:46:26+02:00;9
cpu/usage_rate.count;2017-07-25T19:46:28+02:00;9
cpu/usage_rate.count;2017-07-25T19:46:30+02:00;9
cpu/usage_rate.count;2017-07-25T19:46:32+02:00;9
cpu/usage_rate.count;2017-07-25T19:46:34+02:00;9
cpu/usage_rate.count;2017-07-25T19:46:36+02:00;9
cpu/usage_rate.count;2017-07-25T19:46:38+02:00;9
cpu/usage_rate.count;2017-07-25T19:46:40+02:00;9
cpu/usage_rate.count;2017-07-25T19:46:42+02:00;9
cpu/usage_rate.count;2017-07-25T19:46:44+02:00;9
cpu/usage_rate.count;2017-07-25T19:46:46+02:00;9
cpu/usage_rate.count;2017-07-25T19:46:48+02:00;9
cpu/usage_rate.count;2017-07-25T19:46:50+02:00;9
cpu/usage_rate.count;2017-07-25T19:46:52+02:00;9
cpu/usage_rate.count;2017-07-25T19:46:54+02:00;9
cpu/usage_rate.count;2017-07-25T19:46:56+02:00;9
cpu/usage_rate.count;2017-07-25T19:46:58+02:00;9
cpu/usage_rate.count;2017-07-25T19:47:00+02:00;9
cpu/usage_rate.count;2017-07-25T19:47:02+02:00;9
cpu/usage_rate.count;2017-07-25T19:47:04+02:00;9
cpu/usage_rate.count;2017-07-25T19:47:06+02:00;9
cpu/usage_rate.count;2017-07-25T19:47:08+02:00;9
cpu/usage_rate.count;2017-07-25T19:47:10+02:00;9
cpu/usage_rate.count;2017-07-25T19:47:12+02:00;9
cpu/usage_rate.count;2017-07-25T19:47:14+02:00;9
cpu/usage_rate.count;2017-07-25T19:47:16+02:00;9
cpu/usage_rate.count;2017-07-25T19:47:18+02:00;9
cpu/usage_rate.count;2017-07-25T19:47:20+02:00;9
cpu/usage_rate.count;2017-07-25T19:47:22+02:00;9
cpu/usage_rate.count;2017-07-25T19:47:24+02:00;9
cpu/usage_rate.count;2017-07-25T19:47:26+02:00;9
cpu/usage_rate.count;2017-07-25T19:47:28+02:00;9
cpu/usage_rate.count;2017-07-25T19:47:30+02:00;9
cpu/usage_rate.count;2017-07-25T19:47:32+02:00;9
cpu/usage_rate.count;2017-07-25T19:47:34+02:00;9
cpu/usage_rate.count;2017-07-25T19:47:36+02:00;9
cpu/usage_rate.count;2017-07-25T19:47:38+02:00;9
cpu/usage_rate.count;2017-07-25T19:47:40+02:00;9
cpu/usage_rate.count;2017-07-25T19:47:42+02:00;9
cpu/usage_rate.count;2017-07-25T19:47:44+02:00;9
cpu/usage_rate.count;2017-07-25T19:47:46+02:00;9
cpu/usage_rate.count;2017-07-25T19:47:48+02:00;9
cpu/usage_rate.count;2017-07-25T19:47:50+02:00;9
cpu/usage_rate.count;2017-07-25T19:47:52+02:00;9
cpu/usage_rate.count;2017-07-25T19:47:54+02:00;9
cpu/usage_rate.count;2017-07-25T19:47:56+02:00;9
cpu/usage_rate.count;2017-07-25T19:47:58+02:00;9
cpu/usage_rate.count;2017-07-25T19:48:00+02:00;9
cpu/usage_rate.count;2017-07-25T19:48:02+02:00;9
cpu/usage_rate.count;2017-07-25T19:48:04+02:00;9
cpu/usage_rate.count;2017-07-25T19:48:06+02:00;9
cpu/usage_rate.count;2017-07-25T19:48:08+02:00;9
cpu/usage_rate.count;2017-07-25T19:48:10+02:00;9
cpu/usage_rate.count;2017-07-25T19:48:12+02:00;9
cpu/usage_rate.count;2017-07-25T19:48:14+02:00;9
cpu/usage_rate.count;2017-07-25T19:48:16+02:00;9
cpu/usage_rate.count;2017-07-25T19:48:18+02:00;9
cpu/usage_rate.count;2017-07-25T19:48:20+02:00;9
cpu/usage_rate.count;2017-07-25T19:48:22+02:00;9
cpu/usage_rate.count;2017-07-25T19:48:24+02:00;9
cpu/usage_rate.count;2017-07-25T19:48:26+02:00;9
cpu/usage_rate.count;2017-07-25T19:48:28+02:00;9
cpu/usage_rate.count;2017-07-25T19:48:30+02:00;9
cpu/usage_rate.count;2017-07-25T19:48:32+02:00;9
cpu/usage_rate.count;2017-07-25T19:48:34+02:00;9
cpu/usage_rate.count;2017-07-25T19:48:36+02:00;9
cpu/usage_rate.count;2017-07-25T19:48:38+02:00;9
cpu/usage_rate.count;2017-07-25T19:48:40+02:00;9
cpu/usage_rate.count;2017-07-25T19:48:42+02:00;9
cpu/usage_rate.count;2017-07-25T19:48:44+02:00;9
cpu/usage_rate.count;2017-07-25T19:48:46+02:00;9
cpu/usage_rate.count;2017-07-25T19:48:48+02:00;9
cpu/usage_rate.count;2017-07-25T19:48:50+02:00;9
cpu/usage_rate.count;2017-07-25T19:48:52+02:00;9
cpu/usage_rate.count;2017-07-25T19:48:54+02:00;9
cpu/usage_rate.count;2017-07-25T19:48:56+02:00;9
cpu/usage_rate.count;2017-07-25T19:48:58+02:00;9
cpu/usage_rate.count;2017-07-25T19:49:00+02:00;9
cpu/usage_rate.count;2017-07-25T19:49:02+02:00;9
cpu/usage_rate.count;2017-07-25T19:49:04+02:00;9
cpu/usage_rate.count;2017-07-25T19:49:06+02:00;9
cpu/usage_rate.count;2017-07-25T19:49:08+02:00;9
cpu/usage_rate.count;2017-07-25T19:49:10+02:00;9
cpu/usage_rate.count;2017-07-25T19:49:12+02:00;9
cpu/usage_rate.count;2017-07-25T19:49:14+02:00;9
cpu/usage_rate.count;2017-07-25T19:49:16+02:00;9
cpu/usage_rate.count;2017-07-25T19:49:18+02:00;9
cpu/usage_rate.count;2017-07-25T19:49:20+02:00;9
cpu/usage_rate.count;2017-07-25T19:49:22+02:00;9
cpu/usage_rate.count;2017-07-25T19:49:24+02:00;9
cpu/usage_rate.count;2017-07-25T19:49:26+02:00;9
cpu/usage_rate.count;2017-07-25T19:49:28+02:00;9
cpu/usage_rate.count;2017-07-25T19:49:30+02:00;9
cpu/usage_rate.count;2017-07-25T19:49:32+02:00;9
cpu/usage_rate.count;2017-07-25T19:49:34+02:00;9
cpu/usage_rate.count;2017-07-25T19:49:36+02:00;9
cpu/usage_rate.count;2017-07-25T19:49:38+02:00;9
cpu/usage_rate.count;2017-07-25T19:49:40+02:00;9
cpu/usage_rate.count;2017-07-25T19:49:42+02:00;9
cpu/usage_rate.count;2017-07-25T19:49:44+02:00;9
cpu/usage_rate.count;2017-07-25T19:49:46+02:00;9
cpu/usage_rate.count;2017-07-25T19:49:48+02:00;9
cpu/usage_rate.count;2017-07-25T19:49:50+02:00;9
cpu/usage_rate.count;2017-07-25T19:49:52+02:00;9
cpu/usage_rate.count;2017-07-25T19:49:54+02:00;9
cpu/usage_rate.count;2017-07-25T19:49:56+02:00;9
cpu/usage_rate.count;2017-07-25T19:49:58+02:00;9
cpu/usage_rate.count;2017-07-25T19:50:00+02:00;9
cpu/usage_rate.count;2017-07-25T19:50:02+02:00;9
cpu/usage_rate.count;2017-07-25T19:50:04+02:00;9
cpu/usage_rate.count;2017-07-25T19:50:06+02:00;9
cpu/usage_rate.count;2017-07-25T19:50:08+02:00;9
cpu/usage_rate.count;2017-07-25T19:50:10+02:00;9
cpu/usage_rate.count;2017-07-25T19:50:12+02:00;9
cpu/usage_rate.count;2017-07-25T19:50:14+02:00;9
cpu/usage_rate.count;2017-07-25T19:50:16+02:00;9
cpu/usage_rate.count;2017-07-25T19:50:18+02:00;9
cpu/usage_rate.count;2017-07-25T19:50:20+02:00;9
cpu/usage_rate.count;2017-07-25T19:50:22+02:00;9
cpu/usage_rate.count;2017-07-25T19:50:24+02:00;9
cpu/usage_rate.count;2017-07-25T19:50:26+02:00;9
cpu/usage_rate.count;2017-07-25T19:50:28+02:00;9
cpu/usage_rate.count;2017-07-25T19:50:30+02:00;9
cpu/usage_rate.count;2017-07-25T19:50:32+02:00;9
cpu/usage_rate.count;2017-07-25T19:50:34+02:00;9
cpu/usage_rate.count;2017-07-25T19:50:36+02:00;9
cpu/usage_rate.count;2017-07-25T19:50:38+02:00;9
cpu/usage_rate.count;2017-07-25T19:50:40+02:00;9
cpu/usage_rate.count;2017-07-25T19:50:42+02:00;9
cpu/usage_rate.count;2017-07-25T19:50:44+02:00;9
cpu/usage_rate.count;2017-07-25T19:50:46+02:00;9
cpu/usage_rate.count;2017-07-25T19:50:48+02:00;9
cpu/usage_rate.count;2017-07-25T19:50:50+02:00;9
cpu/usage_rate.count;2017-07-25T19:50:52+02:00;9
cpu/usage_rate.count;2017-07-25T19:50:54+02:00;9
cpu/usage_rate.count;2017-07-25T19:50:56+02:00;9
cpu/usage_rate.count;2017-07-25T19:50:58+02:00;9
cpu/usage_rate.count;2017-07-25T19:51:00+02:00;9
cpu/usage_rate.count;2017-07-25T19:51:02+02:00;9
cpu/usage_rate.count;2017-07-25T19:51:04+02:00;9
cpu/usage_rate.count;2017-07-25T19:51:06+02:00;9
cpu/usage_rate.count;2017-07-25T19:51:08+02:00;9
cpu/usage_rate.count;2017-07-25T19:51:10+02:00;9
cpu/usage_rate.count;2017-07-25T19:51:12+02:00;9
cpu/usage_rate.count;2017-07-25T19:51:14+02:00;9
cpu/usage_rate.count;2017-07-25T19:51:16+02:00;9
cpu/usage_rate.count;2017-07-25T19:51:18+02:00;9
cpu/usage_rate.count;2017-07-25T19:51:20+02:00;9
cpu/usage_rate.count;2017-07-25T19:51:22+02:00;9
cpu/usage_rate.count;2017-07-25T19:51:24+02:00;9
cpu/usage_rate.count;2017-07-25T19:51:26+02:00;9
cpu/usage_rate.count;2017-07-25T19:51:28+02:00;9
cpu/usage_rate.count;2017-07-25T19:51:30+02:00;9
cpu/usage_rate.count;2017-07-25T19:51:32+02:00;9
cpu/usage_rate.count;2017-07-25T19:51:34+02:00;9
cpu/usage_rate.count;2017-07-25T19:51:36+02:00;9
cpu/usage_rate.count;2017-07-25T19:51:38+02:00;9
cpu/usage_rate.count;2017-07-25T19:51:40+02:00;9
cpu/usage_rate.count;2017-07-25T19:51:42+02:00;9
cpu/usage_rate.count;2017-07-25T19:51:44+02:00;9
cpu/usage_rate.count;2017-07-25T19:51:46+02:00;9
cpu/usage_rate.count;2017-07-25T19:51:48+02:00;9
cpu/usage_rate.count;2017-07-25T19:51:50+02:00;9
cpu/usage_rate.count;2017-07-25T19:51:52+02:00;9
cpu/usage_rate.count;2017-07-25T19:51:54+02:00;9
cpu/usage_rate.count;2017-07-25T19:51:56+02:00;9
cpu/usage_rate.count;2017-07-25T19:51:58+02:00;9
cpu/usage_rate.count;2017-07-25T19:52:00+02:00;9
cpu/usage_rate.count;2017-07-25T19:52:02+02:00;9
cpu/usage_rate.count;2017-07-25T19:52:04+02:00;9
cpu/usage_rate.count;2017-07-25T19:52:06+02:00;9
cpu/usage_rate.count;2017-07-25T19:52:08+02:00;9
cpu/usage_rate.count;2017-07-25T19:52:10+02:00;9
cpu/usage_rate.count;2017-07-25T19:52:12+02:00;9
cpu/usage_rate.count;2017-07-25T19:52:14+02:00;9
cpu/usage_rate.count;2017-07-25T19:52:16+02:00;9
cpu/usage_rate.count;2017-07-25T19:52:18+02:00;9
cpu/usage_rate.count;2017-07-25T19:52:20+02:00;9
cpu/usage_rate.count;2017-07-25T19:52:22+02:00;9
cpu/usage_rate.count;2017-07-25T19:52:24+02:00;9
cpu/usage_rate.count;2017-07-25T19:52:26+02:00;9
cpu/usage_rate.count;2017-07-25T19:52:28+02:00;9
cpu/usage_rate.count;2017-07-25T19:52:30+02:00;9
cpu/usage_rate.count;2017-07-25T19:52:32+02:00;9
cpu/usage_rate.count;2017-07-25T19:52:34+02:00;9
cpu/usage_rate.count;2017-07-25T19:52:36+02:00;9
cpu/usage_rate.count;2017-07-25T19:52:38+02:00;9
cpu/usage_rate.count;2017-07-25T19:52:40+02:00;9
cpu/usage_rate.count;2017-07-25T19:52:42+02:00;9
cpu/usage_rate.count;2017-07-25T19:52:44+02:00;9
cpu/usage_rate.count;2017-07-25T19:52:46+02:00;9
cpu/usage_rate.count;2017-07-25T19:52:48+02:00;9
cpu/usage_rate.count;2017-07-25T19:52:50+02:00;9
cpu/usage_rate.count;2017-07-25T19:52:52+02:00;9
cpu/usage_rate.count;2017-07-25T19:52:54+02:00;9
cpu/usage_rate.count;2017-07-25T19:52:56+02:00;9
cpu/usage_rate.count;2017-07-25T19:52:58+02:00;9
cpu/usage_rate.count;2017-07-25T19:53:00+02:00;9
cpu/usage_rate.count;2017-07-25T19:53:02+02:00;9
cpu/usage_rate.count;2017-07-25T19:53:04+02:00;9
cpu/usage_rate.count;2017-07-25T19:53:06+02:00;9
cpu/usage_rate.count;2017-07-25T19:53:08+02:00;9
cpu/usage_rate.count;2017-07-25T19:53:10+02:00;9
cpu/usage_rate.count;2017-07-25T19:53:12+02:00;9
cpu/usage_rate.count;2017-07-25T19:53:14+02:00;9
cpu/usage_rate.count;2017-07-25T19:53:16+02:00;9
cpu/usage_rate.count;2017-07-25T19:53:18+02:00;9
cpu/usage_rate.count;2017-07-25T19:53:20+02:00;9
cpu/usage_rate.count;2017-07-25T19:53:22+02:00;9
cpu/usage_rate.count;2017-07-25T19:53:24+02:00;9
cpu/usage_rate.count;2017-07-25T19:53:26+02:00;9
cpu/usage_rate.count;2017-07-25T19:53:28+02:00;9
cpu/usage_rate.count;2017-07-25T19:53:30+02:00;9
cpu/usage_rate.count;2017-07-25T19:53:32+02:00;9
cpu/usage_rate.count;2017-07-25T19:53:34+02:00;9
cpu/usage_rate.count;2017-07-25T19:53:36+02:00;9
cpu/usage_rate.count;2017-07-25T19:53:38+02:00;9
cpu/usage_rate.count;2017-07-25T19:53:40+02:00;9
cpu/usage_rate.count;2017-07-25T19:53:42+02:00;9
cpu/usage_rate.count;2017-07-25T19:53:44+02:00;9
cpu/usage_rate.count;2017-07-25T19:53:46+02:00;9
cpu/usage_rate.count;2017-07-25T19:53:48+02:00;9
cpu/usage_rate.count;2017-07-25T19:53:50+02:00;9
cpu/usage_rate.count;2017-07-25T19:53:52+02:00;9
cpu/usage_rate.count;2017-07-25T19:53:54+02:00;9
cpu/usage_rate.count;2017-07-25T19:53:56+02:00;9
cpu/usage_rate.count;2017-07-25T19:53:58+02:00;9
cpu/usage_rate.count;2017-07-25T19:54:00+02:00;9
cpu/usage_rate.count;2017-07-25T19:54:02+02:00;9
cpu/usage_rate.count;2017-07-25T19:54:04+02:00;9
cpu/usage_rate.count;2017-07-25T19:54:06+02:00;9
cpu/usage_rate.count;2017-07-25T19:54:08+02:00;9
cpu/usage_rate.count;2017-07-25T19:54:10+02:00;9
cpu/usage_rate.count;2017-07-25T19:54:12+02:00;9
cpu/usage_rate.count;2017-07-25T19:54:14+02:00;9
cpu/usage_rate.count;2017-07-25T19:54:16+02:00;9
cpu/usage_rate.count;2017-07-25T19:54:18+02:00;9
cpu/usage_rate.count;2017-07-25T19:54:20+02:00;9
cpu/usage_rate.count;2017-07-25T19:54:22+02:00;9
cpu/usage_rate.count;2017-07-25T19:54:24+02:00;9
cpu/usage_rate.count;2017-07-25T19:54:26+02:00;9
cpu/usage_rate.count;2017-07-25T19:54:28+02:00;9
cpu/usage_rate.count;2017-07-25T19:54:30+02:00;9
cpu/usage_rate.count;2017-07-25T19:54:32+02:00;9
cpu/usage_rate.count;2017-07-25T19:54:34+02:00;9
cpu/usage_rate.count;2017-07-25T19:54:36+02:00;9
cpu/usage_rate.count;2017-07-25T19:54:38+02:00;9
cpu/usage_rate.count;2017-07-25T19:54:40+02:00;9
cpu/usage_rate.count;2017-07-25T19:54:42+02:00;9
cpu/usage_rate.count;2017-07-25T19:54:44+02:00;9
cpu/usage_rate.count;2017-07-25T19:54:46+02:00;9
cpu/usage_rate.count;2017-07-25T19:54:48+02:00;9
cpu/usage_rate.count;2017-07-25T19:54:50+02:00;9
cpu/usage_rate.count;2017-07-25T19:54:52+02:00;9
cpu/usage_rate.count;2017-07-25T19:54:54+02:00;9
cpu/usage_rate.count;2017-07-25T19:54:56+02:00;9
cpu/usage_rate.count;2017-07-25T19:54:58+02:00;9
cpu/usage_rate.count;2017-07-25T19:55:00+02:00;9
cpu/usage_rate.count;2017-07-25T19:55:02+02:00;9
cpu/usage_rate.count;2017-07-25T19:55:04+02:00;9
cpu/usage_rate.count;2017-07-25T19:55:06+02:00;9
cpu/usage_rate.count;2017-07-25T19:55:08+02:00;9
cpu/usage_rate.count;2017-07-25T19:55:10+02:00;9
cpu/usage_rate.count;2017-07-25T19:55:12+02:00;9
cpu/usage_rate.count;2017-07-25T19:55:14+02:00;9
cpu/usage_rate.count;2017-07-25T19:55:16+02:00;9
cpu/usage_rate.count;2017-07-25T19:55:18+02:00;9
cpu/usage_rate.count;2017-07-25T19:55:20+02:00;9
cpu/usage_rate.count;2017-07-25T19:55:22+02:00;9
cpu/usage_rate.count;2017-07-25T19:55:24+02:00;9
cpu/usage_rate.count;2017-07-25T19:55:26+02:00;9
cpu/usage_rate.count;2017-07-25T19:55:28+02:00;9
cpu/usage_rate.count;2017-07-25T19:55:30+02:00;9
cpu/usage_rate.count;2017-07-25T19:55:32+02:00;9
cpu/usage_rate.count;2017-07-25T19:55:34+02:00;9
cpu/usage_rate.count;2017-07-25T19:55:36+02:00;9
cpu/usage_rate.count;2017-07-25T19:55:38+02:00;9
cpu/usage_rate.count;2017-07-25T19:55:40+02:00;9
cpu/usage_rate.count;2017-07-25T19:55:42+02:00;9
cpu/usage_rate.count;2017-07-25T19:55:44+02:00;9
cpu/usage_rate.count;2017-07-25T19:55:46+02:00;9
cpu/usage_rate.count;2017-07-25T19:55:48+02:00;9
cpu/usage_rate.count;2017-07-25T19:55:50+02:00;9
cpu/usage_rate.count;2017-07-25T19:55:52+02:00;9
cpu/usage_rate.count;2017-07-25T19:55:54+02:00;9
cpu/usage_rate.count;2017-07-25T19:55:56+02:00;9
cpu/usage_rate.count;2017-07-25T19:55:58+02:00;9
cpu/usage_rate.count;2017-07-25T19:56:00+02:00;9
cpu/usage_rate.count;2017-07-25T19:56:02+02:00;9
cpu/usage_rate.count;2017-07-25T19:56:04+02:00;9
cfp.distinct {hostname: middletier-ppdbq};2017-07-25T19:25:00+02:00;0
cfp.distinct {hostname: middletier-ppdbq};2017-07-25T19:26:00+02:00;0
cfp.distinct {hostname: middletier-ppdbq};2017-07-25T19:27:00+02:00;0
cfp.distinct {hostname: middletier-ppdbq};2017-07-25T19:28:00+02:00;0
cfp.distinct {hostname: middletier-ppdbq};2017-07-25T19:29:00+02:00;0
cfp.distinct {hostname: middletier-ppdbq};2017-07-25T19:30:00+02:00;6.789041868352386
cfp.distinct {hostname: middletier-ppdbq};2017-07-25T19:31:00+02:00;287.34168423773764
cfp.distinct {hostname: middletier-ppdbq};2017-07-25T19:32:00+02:00;418.44096738777625
cfp.distinct {hostname: middletier-ppdbq};2017-07-25T19:33:00+02:00;332.16856318854406
cfp.distinct {hostname: middletier-ppdbq};2017-07-25T19:34:00+02:00;372.1966225696847
cfp.distinct {hostname: middletier-ppdbq};2017-07-25T19:35:00+02:00;353.31973050856624
cfp.distinct {hostname: middletier-ppdbq};2017-07-25T19:36:00+02:00;367.7575609128295
cfp.distinct {hostname: middletier-ppdbq};2017-07-25T19:37:00+02:00;357.7019605121241
cfp.distinct {hostname: middletier-ppdbq};2017-07-25T19:38:00+02:00;361.2172119029633
cfp.distinct {hostname: middletier-ppdbq};2017-07-25T19:39:00+02:00;339.41042069984564
cfp.distinct {hostname: middletier-ppdbq};2017-07-25T19:40:00+02:00;353.91954841780927
cfp.distinct {hostname: middletier-ppdbq};2017-07-25T19:41:00+02:00;341.53019477141675
cfp.distinct {hostname: middletier-ppdbq};2017-07-25T19:42:00+02:00;149.6063219676338
cfp.distinct {hostname: middletier-ppdbq};2017-07-25T19:43:00+02:00;203.47415970352523
cfp.distinct {hostname: middletier-ppdbq};2017-07-25T19:44:00+02:00;168.17589570325663
cfp.distinct {hostname: middletier-ppdbq};2017-07-25T19:45:00+02:00;81.58263893071016
cfp.distinct {hostname: middletier-ppdbq};2017-07-25T19:46:00+02:00;78.04819402615448
cfp.distinct {hostname: middletier-ppdbq};2017-07-25T19:47:00+02:00;72.24057926711036
cfp.distinct {hostname: middletier-ppdbq};2017-07-25T19:48:00+02:00;63.845808144261326
cfp.distinct {hostname: middletier-ppdbq};2017-07-25T19:49:00+02:00;2.92051481600919
cfp.distinct {hostname: middletier-ppdbq};2017-07-25T19:50:00+02:00;2.9075780689774566
cfp.distinct {hostname: middletier-ppdbq};2017-07-25T19:51:00+02:00;2.6930113277544576
cfp.distinct {hostname: middletier-ppdbq};2017-07-25T19:52:00+02:00;3.3142860247985517
cfp.distinct {hostname: middletier-ppdbq};2017-07-25T19:53:00+02:00;2.825743378499279
cfp.distinct {hostname: middletier-ppdbq};2017-07-25T19:54:00+02:00;2.918775517494643
cfp.distinct {hostname: middletier-ppdbq};2017-07-25T19:55:00+02:00;2.917067203442092
cfp.distinct {hostname: middletier-ppdbq};2017-07-25T19:56:00+02:00;3.2835065670503427
fpm.distinct {hostname: 10.0.11.64};2017-07-25T19:25:00+02:00;0
fpm.distinct {hostname: 10.0.11.64};2017-07-25T19:26:00+02:00;2.2
fpm.distinct {hostname: 10.0.11.64};2017-07-25T19:27:00+02:00;561.4
fpm.distinct {hostname: 10.0.11.64};2017-07-25T19:28:00+02:00;536.8000000000001
fpm.distinct {hostname: 10.0.11.64};2017-07-25T19:29:00+02:00;576.2
fpm.distinct {hostname: 10.0.11.64};2017-07-25T19:30:00+02:00;576.8
fpm.distinct {hostname: 10.0.11.64};2017-07-25T19:31:00+02:00;580.2
fpm.distinct {hostname: 10.0.11.64};2017-07-25T19:32:00+02:00;581.4
fpm.distinct {hostname: 10.0.11.64};2017-07-25T19:33:00+02:00;579
fpm.distinct {hostname: 10.0.11.64};2017-07-25T19:34:00+02:00;585.8
fpm.distinct {hostname: 10.0.11.64};2017-07-25T19:35:00+02:00;575.4
fpm.distinct {hostname: 10.0.11.64};2017-07-25T19:36:00+02:00;584.8
fpm.distinct {hostname: 10.0.11.64};2017-07-25T19:37:00+02:00;579.6
fpm.distinct {hostname: 10.0.11.64};2017-07-25T19:38:00+02:00;581.4
fpm.distinct {hostname: 10.0.11.64};2017-07-25T19:39:00+02:00;577.8
fpm.distinct {hostname: 10.0.11.64};2017-07-25T19:40:00+02:00;594.8
fpm.distinct {hostname: 10.0.11.64};2017-07-25T19:41:00+02:00;575.4
fpm.distinct {hostname: 10.0.11.64};2017-07-25T19:42:00+02:00;613.6
fpm.distinct {hostname: 10.0.11.64};2017-07-25T19:43:00+02:00;657.5999999999999
fpm.distinct {hostname: 10.0.11.64};2017-07-25T19:44:00+02:00;998
fpm.distinct {hostname: 10.0.11.64};2017-07-25T19:45:00+02:00;999.8000000000001
fpm.distinct {hostname: 10.0.11.64};2017-07-25T19:46:00+02:00;1000
fpm.distinct {hostname: 10.0.11.64};2017-07-25T19:47:00+02:00;1000
fpm.distinct {hostname: 10.0.11.64};2017-07-25T19:48:00+02:00;1000
fpm.distinct {hostname: 10.0.11.64};2017-07-25T19:49:00+02:00;1000
fpm.distinct {hostname: 10.0.11.64};2017-07-25T19:50:00+02:00;1000
fpm.distinct {hostname: 10.0.11.64};2017-07-25T19:51:00+02:00;1000
fpm.distinct {hostname: 10.0.11.64};2017-07-25T19:52:00+02:00;1000
fpm.distinct {hostname: 10.0.11.64};2017-07-25T19:53:00+02:00;1000
fpm.distinct {hostname: 10.0.11.64};2017-07-25T19:54:00+02:00;1000
fpm.distinct {hostname: 10.0.11.64};2017-07-25T19:55:00+02:00;1000
fpm.distinct {hostname: 10.0.11.64};2017-07-25T19:56:00+02:00;1000
fpm.distinct {hostname: middletier-ppdbq};2017-07-25T19:25:00+02:00;0
fpm.distinct {hostname: middletier-ppdbq};2017-07-25T19:26:00+02:00;1.4
fpm.distinct {hostname: middletier-ppdbq};2017-07-25T19:27:00+02:00;550.6
fpm.distinct {hostname: middletier-ppdbq};2017-07-25T19:28:00+02:00;545.4
fpm.distinct {hostname: middletier-ppdbq};2017-07-25T19:29:00+02:00;565.2
fpm.distinct {hostname: middletier-ppdbq};2017-07-25T19:30:00+02:00;582.8
fpm.distinct {hostname: middletier-ppdbq};2017-07-25T19:31:00+02:00;707.6
fpm.distinct {hostname: middletier-ppdbq};2017-07-25T19:32:00+02:00;768.4
fpm.distinct {hostname: middletier-ppdbq};2017-07-25T19:33:00+02:00;727.8
fpm.distinct {hostname: middletier-ppdbq};2017-07-25T19:34:00+02:00;738.6
fpm.distinct {hostname: middletier-ppdbq};2017-07-25T19:35:00+02:00;723.6
fpm.distinct {hostname: middletier-ppdbq};2017-07-25T19:36:00+02:00;743.1999999999999
fpm.distinct {hostname: middletier-ppdbq};2017-07-25T19:37:00+02:00;726.1999999999999
fpm.distinct {hostname: middletier-ppdbq};2017-07-25T19:38:00+02:00;742.8000000000001
fpm.distinct {hostname: middletier-ppdbq};2017-07-25T19:39:00+02:00;728
fpm.distinct {hostname: middletier-ppdbq};2017-07-25T19:40:00+02:00;731
fpm.distinct {hostname: middletier-ppdbq};2017-07-25T19:41:00+02:00;735.1999999999999
fpm.distinct {hostname: middletier-ppdbq};2017-07-25T19:42:00+02:00;670
fpm.distinct {hostname: middletier-ppdbq};2017-07-25T19:43:00+02:00;724.4000000000001
fpm.distinct {hostname: middletier-ppdbq};2017-07-25T19:44:00+02:00;998.6
fpm.distinct {hostname: middletier-ppdbq};2017-07-25T19:45:00+02:00;999.8000000000001
fpm.distinct {hostname: middletier-ppdbq};2017-07-25T19:46:00+02:00;1000
fpm.distinct {hostname: middletier-ppdbq};2017-07-25T19:47:00+02:00;1000
fpm.distinct {hostname: middletier-ppdbq};2017-07-25T19:48:00+02:00;1000
fpm.distinct {hostname: middletier-ppdbq};2017-07-25T19:49:00+02:00;1000
fpm.distinct {hostname: middletier-ppdbq};2017-07-25T19:50:00+02:00;1000
fpm.distinct {hostname: middletier-ppdbq};2017-07-25T19:51:00+02:00;1000
fpm.distinct {hostname: middletier-ppdbq};2017-07-25T19:52:00+02:00;1000
fpm.distinct {hostname: middletier-ppdbq};2017-07-25T19:53:00+02:00;1000
fpm.distinct {hostname: middletier-ppdbq};2017-07-25T19:54:00+02:00;1000
fpm.distinct {hostname: middletier-ppdbq};2017-07-25T19:55:00+02:00;1000
fpm.distinct {hostname: middletier-ppdbq};2017-07-25T19:56:00+02:00;1000
test_results.fail_count_elapsed;2017-07-25T19:10:00+02:00;0
test_results.fail_count_elapsed;2017-07-25T19:11:00+02:00;0
test_results.fail_count_elapsed;2017-07-25T19:12:00+02:00;0
test_results.fail_count_elapsed;2017-07-25T19:13:00+02:00;0
test_results.fail_count_elapsed;2017-07-25T19:14:00+02:00;0
test_results.fail_count_elapsed;2017-07-25T19:15:00+02:00;63
test_results.fail_count_elapsed;2017-07-25T19:16:00+02:00;0
test_results.fail_count_elapsed;2017-07-25T19:17:00+02:00;0
test_results.fail_count_elapsed;2017-07-25T19:18:00+02:00;104
test_results.fail_count_elapsed;2017-07-25T19:19:00+02:00;212
test_results.fail_count_elapsed;2017-07-25T19:20:00+02:00;390
test_results.fail_count_elapsed;2017-07-25T19:21:00+02:00;405
test_results.fail_count_elapsed;2017-07-25T19:22:00+02:00;384
test_results.fail_count_elapsed;2017-07-25T19:23:00+02:00;389
test_results.fail_count_elapsed;2017-07-25T19:24:00+02:00;436
test_results.fail_count_elapsed;2017-07-25T19:25:00+02:00;449
test_results.fail_count_elapsed;2017-07-25T19:26:00+02:00;446
test_results.fail_count_elapsed;2017-07-25T19:27:00+02:00;465
test_results.fail_count_elapsed;2017-07-25T19:28:00+02:00;451
test_results.fail_count_elapsed;2017-07-25T19:29:00+02:00;421
test_results.fail_count_elapsed;2017-07-25T19:30:00+02:00;492
test_results.fail_count_elapsed;2017-07-25T19:31:00+02:00;304
test_results.fail_count_elapsed;2017-07-25T19:32:00+02:00;274
test_results.fail_count_elapsed;2017-07-25T19:33:00+02:00;303
test_results.fail_count_elapsed;2017-07-25T19:34:00+02:00;284
test_results.fail_count_elapsed;2017-07-25T19:35:00+02:00;301
test_results.fail_count_elapsed;2017-07-25T19:36:00+02:00;298
test_results.fail_count_elapsed;2017-07-25T19:37:00+02:00;292
test_results.fail_count_elapsed;2017-07-25T19:38:00+02:00;316
test_results.fail_count_elapsed;2017-07-25T19:39:00+02:00;247
test_results.fail_count_elapsed;2017-07-25T19:40:00+02:00;241
test_results.fail_count_elapsed;2017-07-25T19:41:00+02:00;292
test_results.fail_count_elapsed;2017-07-25T19:42:00+02:00;256
test_results.fail_count_elapsed;2017-07-25T19:43:00+02:00;290
test_results.fail_count_elapsed;2017-07-25T19:44:00+02:00;272
test_results.fail_count_elapsed;2017-07-25T19:45:00+02:00;349
test_results.fail_count_elapsed;2017-07-25T19:46:00+02:00;276
test_results.fail_count_elapsed;2017-07-25T19:47:00+02:00;306
test_results.fail_count_elapsed;2017-07-25T19:48:00+02:00;236
test_results.fail_count_elapsed;2017-07-25T19:49:00+02:00;0
test_results.fail_count_elapsed;2017-07-25T19:50:00+02:00;0
test_results.fail_count_elapsed;2017-07-25T19:51:00+02:00;0
test_results.fail_count_elapsed;2017-07-25T19:52:00+02:00;0
test_results.fail_count_elapsed;2017-07-25T19:53:00+02:00;0
test_results.fail_count_elapsed;2017-07-25T19:54:00+02:00;0
test_results.fail_count_elapsed;2017-07-25T19:55:00+02:00;0
test_results.fail_count_elapsed;2017-07-25T19:56:00+02:00;0
test_results.fail_count_elapsed;2017-07-25T19:10:00+02:00;0
test_results.fail_count_elapsed;2017-07-25T19:11:00+02:00;0
test_results.fail_count_elapsed;2017-07-25T19:12:00+02:00;0
test_results.fail_count_elapsed;2017-07-25T19:13:00+02:00;0
test_results.fail_count_elapsed;2017-07-25T19:14:00+02:00;0
test_results.fail_count_elapsed;2017-07-25T19:15:00+02:00;1700
test_results.fail_count_elapsed;2017-07-25T19:16:00+02:00;0
test_results.fail_count_elapsed;2017-07-25T19:17:00+02:00;0
test_results.fail_count_elapsed;2017-07-25T19:18:00+02:00;5861
test_results.fail_count_elapsed;2017-07-25T19:19:00+02:00;6148
test_results.fail_count_elapsed;2017-07-25T19:20:00+02:00;5231
test_results.fail_count_elapsed;2017-07-25T19:21:00+02:00;5029
test_results.fail_count_elapsed;2017-07-25T19:22:00+02:00;4734
test_results.fail_count_elapsed;2017-07-25T19:23:00+02:00;4675
test_results.fail_count_elapsed;2017-07-25T19:24:00+02:00;4685
test_results.fail_count_elapsed;2017-07-25T19:25:00+02:00;4583
test_results.fail_count_elapsed;2017-07-25T19:26:00+02:00;4569
test_results.fail_count_elapsed;2017-07-25T19:27:00+02:00;4559
test_results.fail_count_elapsed;2017-07-25T19:28:00+02:00;4625
test_results.fail_count_elapsed;2017-07-25T19:29:00+02:00;4635
test_results.fail_count_elapsed;2017-07-25T19:30:00+02:00;4574
test_results.fail_count_elapsed;2017-07-25T19:31:00+02:00;2907
test_results.fail_count_elapsed;2017-07-25T19:32:00+02:00;2766
test_results.fail_count_elapsed;2017-07-25T19:33:00+02:00;2609
test_results.fail_count_elapsed;2017-07-25T19:34:00+02:00;2576
test_results.fail_count_elapsed;2017-07-25T19:35:00+02:00;2759
test_results.fail_count_elapsed;2017-07-25T19:36:00+02:00;2851
test_results.fail_count_elapsed;2017-07-25T19:37:00+02:00;3184
test_results.fail_count_elapsed;2017-07-25T19:38:00+02:00;3136
test_results.fail_count_elapsed;2017-07-25T19:39:00+02:00;2873
test_results.fail_count_elapsed;2017-07-25T19:40:00+02:00;2836
test_results.fail_count_elapsed;2017-07-25T19:41:00+02:00;2775
test_results.fail_count_elapsed;2017-07-25T19:42:00+02:00;2631
test_results.fail_count_elapsed;2017-07-25T19:43:00+02:00;2485
test_results.fail_count_elapsed;2017-07-25T19:44:00+02:00;2829
test_results.fail_count_elapsed;2017-07-25T19:45:00+02:00;2887
test_results.fail_count_elapsed;2017-07-25T19:46:00+02:00;2770
test_results.fail_count_elapsed;2017-07-25T19:47:00+02:00;2941
test_results.fail_count_elapsed;2017-07-25T19:48:00+02:00;2110
test_results.fail_count_elapsed;2017-07-25T19:49:00+02:00;0
test_results.fail_count_elapsed;2017-07-25T19:50:00+02:00;0
test_results.fail_count_elapsed;2017-07-25T19:51:00+02:00;0
test_results.fail_count_elapsed;2017-07-25T19:52:00+02:00;0
test_results.fail_count_elapsed;2017-07-25T19:53:00+02:00;0
test_results.fail_count_elapsed;2017-07-25T19:54:00+02:00;0
test_results.fail_count_elapsed;2017-07-25T19:55:00+02:00;0
test_results.fail_count_elapsed;2017-07-25T19:56:00+02:00;0
